rank,player_id,player_name,team,gp,min,pts,reb,ast,fg3m,stl,blk,tov,fgm,fga,fg_pct,ftm,fta,ft_pct,z_pts,z_reb,z_ast,z_fg3m,z_stl,z_blk,z_tov,z_fg_pct,z_ft_pct,raw_total,value,in_pool,low_sample
1,203999,Nikola Jokić,DEN,65,34.843923,27.676923,12.861538,10.723077,1.723077,1.415385,0.815385,3.738462,9.907692,17.415385,0.568905,6.138462,7.384615,0.831250,2.273927,3.559742,3.888640,0.194295,1.296872,0.507490,-2.654863,2.666486,1.020820,12.753409,100.000000,True,False
2,1641705,Victor Wembanyama,SAS,64,29.150755,25.000000,11.500000,3.109375,1.906250,1.031250,3.078125,2.421875,8.640625,16.875000,0.512037,5.812500,7.031250,0.826667,1.814901,2.931657,-0.044769,0.392823,0.189975,5.666927,-0.990482,0.898442,0.857626,11.717101,93.579143,True,False
3,1628983,Shai Gilgeous-Alexander,OKC,68,33.219804,31.132353,4.294118,6.588235,1.691176,1.397059,0.764706,2.220588,10.750000,19.426471,0.553369,7.941176,9.029412,0.879479,2.866448,-0.392451,1.752488,0.159721,1.244066,0.391934,-0.736023,2.444374,2.793346,10.523903,86.186219,True,False
4,202695,Kawhi Leonard,LAC,65,32.072744,27.892308,6.353846,3.600000,2.646154,1.876923,0.415385,2.046154,9.769231,19.353846,0.504769,5.707692,6.400000,0.891827,2.310860,0.557712,0.208699,1.194752,2.626810,-0.404579,-0.515509,0.783401,2.260314,9.022461,76.883447,True,False
5,1630178,Tyrese Maxey,PHI,70,38.015976,28.285714,4.142857,6.585714,3.142857,1.857143,0.785714,2.442857,9.914286,21.442857,0.462358,5.314286,5.957143,0.892086,2.378320,-0.462228,1.751186,1.733093,2.569813,0.439837,-1.017007,-0.729140,2.109392,8.773265,75.339456,True,False
6,1629029,Luka Dončić,LAL,64,35.759401,33.484375,7.734375,8.281250,3.968750,1.640625,0.531250,3.984375,10.828125,22.765625,0.475635,7.859375,10.078125,0.779845,3.269762,1.194556,2.627138,2.628220,1.945910,-0.140386,-2.965738,-0.243319,-0.445035,7.871108,69.749789,True,False
7,1628378,Donovan Mitchell,CLE,70,33.458048,27.885714,4.514286,5.685714,3.200000,1.485714,0.285714,2.828571,9.685714,20.042857,0.483250,5.314286,6.142857,0.865116,2.309730,-0.290886,1.286226,1.795027,1.499529,-0.700249,-1.504613,0.053834,1.587313,6.035909,58.379094,True,False
8,1628374,Lauri Markkanen,UTA,42,34.347540,26.738095,6.880952,2.119048,2.738095,1.000000,0.500000,1.500000,9.142857,19.166667,0.477019,5.714286,6.380952,0.895522,2.112941,0.800868,-0.556394,1.294401,0.099928,-0.211641,0.174918,-0.158275,2.337255,5.894002,57.499851,True,False
9,201939,Stephen Curry,GSW,43,30.900659,26.558140,3.581395,4.720930,4.418605,1.139535,0.395349,2.813953,8.697674,18.581395,0.468085,4.744186,5.139535,0.923077,2.082083,-0.721233,0.787797,3.115785,0.502002,-0.450264,-1.486134,-0.444964,2.385026,5.770098,56.732159,True,False
10,1631117,Walker Kessler,UTA,5,30.796000,14.400000,10.800000,3.000000,1.200000,1.400000,1.800000,3.200000,5.200000,7.400000,0.702703,2.800000,4.000000,0.700000,-0.002738,2.608744,-0.101274,-0.372630,1.252541,2.752582,-1.974160,2.871831,-1.309853,5.725043,56.453000,False,True
11,1627750,Jamal Murray,DEN,75,35.358556,25.400000,4.400000,7.133333,3.266667,0.880000,0.386667,2.280000,8.760000,18.133333,0.483088,4.613333,5.200000,0.887179,1.883491,-0.343607,2.034098,1.867282,-0.245856,-0.470060,-0.811129,0.043548,1.750757,5.708523,56.350645,True,False
12,1630530,Trey Murphy III,NOP,66,35.464217,21.515152,5.712121,3.787879,3.242424,1.500000,0.363636,1.818182,7.484848,15.909091,0.470476,3.303030,3.727273,0.886179,1.217335,0.261681,0.305761,1.841007,1.540694,-0.522573,-0.227316,-0.314166,1.241680,5.344104,54.092744,True,False
13,1630567,Scottie Barnes,TOR,80,33.509708,18.100000,7.500000,5.925000,0.850000,1.425000,1.450000,2.625000,7.112500,14.037500,0.506679,3.025000,3.712500,0.814815,0.631721,1.086438,1.409846,-0.751970,1.324579,1.954522,-1.247266,0.615270,0.296706,5.319847,53.942451,True,False
14,201142,Kevin Durant,HOU,78,36.407991,25.974359,5.461538,4.769231,2.384615,0.794872,0.910256,3.153846,9.179487,17.641026,0.520349,5.230769,5.987179,0.873662,1.981979,0.146086,0.812750,0.911289,-0.491156,0.723814,-1.915814,1.196733,1.728621,5.094303,52.545003,True,False
15,1630162,Anthony Edwards,MIN,61,35.026120,28.803279,4.950820,3.704918,3.360656,1.360656,0.803279,2.852459,9.868852,20.180328,0.489033,5.704918,7.163934,0.796339,2.467069,-0.089511,0.262902,1.969150,1.139169,0.479887,-1.534811,0.259159,0.102904,5.055918,52.307174,True,False
16,1629645,Kevin Porter Jr.,MIL,38,33.184605,17.394737,5.210526,7.368421,1.210526,2.184211,0.500000,2.894737,6.289474,13.526316,0.464981,3.605263,4.105263,0.878205,0.510785,0.030293,2.155550,-0.361222,3.512269,-0.211641,-1.588257,-0.397659,1.251454,4.901572,51.350867,True,False
17,1630595,Cade Cunningham,DET,64,33.932370,23.921875,5.546875,9.906250,1.953125,1.437500,0.843750,3.687500,8.562500,18.578125,0.460892,4.843750,5.968750,0.811518,1.630029,0.185452,3.466649,0.443628,1.360598,0.572168,-2.590439,-0.679589,0.407214,4.795710,50.694957,True,False
18,1631096,Chet Holmgren,OKC,69,28.945918,17.115942,8.898551,1.666667,1.275362,0.623188,1.898551,1.550725,6.289855,11.289855,0.557125,3.260870,4.115942,0.792254,0.462979,1.731596,-0.790104,-0.290951,-0.985867,2.977295,0.110794,1.495036,-0.000538,4.710240,50.165393,True,False
19,1630552,Jalen Johnson,ATL,72,35.161088,22.513889,10.277778,7.861111,1.666667,1.236111,0.430556,3.388889,8.333333,17.055556,0.488599,4.180556,5.305556,0.787958,1.388594,2.367840,2.410084,0.133156,0.780290,-0.369986,-2.212946,0.206032,-0.081555,4.621509,49.615627,True,False
20,202710,Jimmy Butler III,GSW,38,31.096754,20.000000,5.552632,4.868421,0.842105,1.447368,0.210526,1.578947,6.315789,12.157895,0.519481,6.526316,7.552632,0.864111,0.957524,0.188108,0.863994,-0.760527,1.389034,-0.871691,0.075116,0.806228,1.924672,4.572458,49.311711,True,False
21,1642955,Kadary Richmond,WAS,3,22.266667,8.333333,3.333333,2.666667,0.666667,2.666667,0.333333,0.666667,3.333333,5.333333,0.625000,1.000000,1.000000,1.000000,-1.043022,-0.835665,-0.273482,-0.950672,4.902483,-0.591670,1.228388,1.342000,0.736992,4.515351,48.957880,False,True
22,203076,Anthony Davis,WAS,20,31.281500,20.350000,11.050000,2.800000,0.500000,1.100000,1.650000,2.050000,8.450000,16.700000,0.505988,2.950000,4.050000,0.728395,1.017540,2.724070,-0.204599,-1.131310,0.388081,2.410557,-0.520372,0.711717,-0.918185,4.477500,48.723358,True,False
23,203954,Joel Embiid,PHI,38,31.595746,26.868421,7.710526,3.947368,1.394737,0.552632,1.210526,2.868421,8.973684,18.342105,0.489240,7.526316,8.815789,0.853731,2.135289,1.183555,0.388157,-0.161569,-1.189179,1.408481,-1.554990,0.242197,1.921877,4.373819,48.080962,True,False
24,201935,James Harden,CLE,70,34.835643,23.600000,4.800000,7.957143,3.071429,1.128571,0.400000,3.500000,6.957143,16.042857,0.433660,6.614286,7.485714,0.883588,1.574835,-0.159085,2.459697,1.655677,0.470410,-0.439658,-2.353409,-1.354080,2.424923,4.279311,47.495401,True,False
25,1626157,Karl-Anthony Towns,NYK,75,30.957089,20.053333,11.853333,3.013333,1.506667,0.866667,0.533333,2.493333,6.893333,13.760000,0.500969,4.760000,5.546667,0.858173,0.966669,3.094652,-0.094386,-0.040256,-0.284277,-0.135635,-1.080817,0.465135,1.296611,4.187696,46.927763,True,False
26,1630559,Austin Reaves,LAL,51,34.542157,23.274510,4.705882,5.490196,2.313725,1.098039,0.392157,2.960784,7.313725,14.941176,0.489501,6.333333,7.274510,0.870620,1.519022,-0.202502,1.185217,0.834457,0.382431,-0.457542,-1.671752,0.204157,2.021789,3.815276,44.620295,True,False
27,1628369,Jayson Tatum,BOS,16,32.615625,21.750000,10.000000,5.312500,2.937500,1.375000,0.187500,2.437500,7.375000,17.937500,0.411150,4.062500,4.937500,0.822785,1.257606,2.239700,1.093415,1.510522,1.180502,-0.924195,-1.010235,-2.223096,0.534237,3.658456,43.648653,False,True
28,1629638,Nickeil Alexander-Walker,ATL,78,33.374060,20.820513,3.435897,3.666667,3.217949,1.307692,0.538462,2.076923,7.025641,15.320513,0.458577,3.551282,3.935897,0.902280,1.098222,-0.788352,0.243140,1.814480,0.986553,-0.123942,-0.554407,-0.622688,1.536039,3.589046,43.218593,True,False
29,1629008,Michael Porter Jr.,BKN,52,32.473141,24.211538,7.057692,3.038462,3.384615,1.057692,0.250000,2.346154,8.538462,18.423077,0.463466,3.750000,4.365385,0.859031,1.679699,0.882399,-0.081404,1.995118,0.266170,-0.781684,-0.894759,-0.590636,1.033756,3.508660,42.720531,True,False
30,1641744,Zach Edey,MEM,11,25.804697,13.636364,11.090909,1.090909,0.090909,0.636364,1.909091,2.363636,5.636364,8.909091,0.632653,2.272727,2.909091,0.781250,-0.133683,2.742942,-1.087554,-1.574695,-0.947903,3.001328,-0.916859,2.361489,-0.113958,3.331108,41.620437,False,True
31,1631105,Jalen Duren,DET,70,28.226476,19.500000,10.528571,1.971429,0.000000,0.814286,0.842857,1.857143,7.457143,11.471429,0.650062,4.585714,6.142857,0.746512,0.871786,2.483533,-0.632658,-1.673225,-0.435214,0.570132,-0.276569,3.391401,-0.997793,3.301394,41.436335,True,False
32,1641708,Amen Thompson,HOU,79,37.381646,18.265823,7.772152,5.316456,0.316456,1.506329,0.607595,2.405063,7.050633,13.215190,0.533525,3.848101,4.936709,0.779487,0.660155,1.211983,1.095458,-1.330241,1.558932,0.033694,-0.969230,1.202287,-0.224265,3.238774,41.048348,True,False
33,1628401,Derrick White,BOS,77,34.090346,16.454545,4.402597,5.376623,2.714286,1.142857,1.272727,1.740260,5.675325,14.389610,0.394404,2.389610,2.649351,0.901961,0.349566,-0.342409,1.126542,1.268596,0.511575,1.550310,-0.128809,-2.206559,1.030944,3.159756,40.558764,True,False
34,1628384,OG Anunoby,NYK,67,33.192114,16.686567,5.238806,2.164179,2.343284,1.552239,0.716418,1.835821,5.805970,12.000000,0.483831,2.731343,3.298507,0.828054,0.389352,0.043338,-0.533078,0.866493,1.691222,0.281829,-0.249614,0.044468,0.418571,2.952581,39.275124,True,False
35,1642270,Donovan Clingan,POR,77,27.190087,12.129870,11.584416,2.103896,1.090909,0.571429,1.688312,1.233766,4.623377,8.883117,0.520468,1.792208,2.636364,0.679803,-0.392010,2.970599,-0.564222,-0.490866,-1.135015,2.497914,0.511481,0.604470,-1.052241,2.950109,39.259814,True,False
36,1641718,Keyonte George,UTA,54,33.076080,23.611111,3.685185,6.148148,2.481481,1.074074,0.259259,3.074074,7.444444,16.314815,0.456300,6.240741,7.000000,0.891534,1.576740,-0.673354,1.525129,1.016276,0.313374,-0.760571,-1.814969,-0.728362,2.464953,2.919217,39.068407,True,False
37,202331,Paul George,PHI,37,30.676532,17.324324,5.297297,3.594595,2.702703,1.675676,0.432432,1.729730,6.081081,13.864865,0.438596,2.459459,3.000000,0.819820,0.498711,0.070321,0.205906,1.256042,2.046909,-0.365707,-0.115498,-1.050045,0.293039,2.839679,38.575598,True,False
38,1628389,Bam Adebayo,MIA,73,32.392945,20.109589,10.027397,3.178082,1.739726,1.178082,0.671233,1.643836,6.931507,15.684932,0.441921,4.506849,5.794521,0.777778,0.976316,2.252339,-0.009273,0.212340,0.613077,0.178799,-0.006913,-1.096300,-0.298379,2.822006,38.466097,True,False
39,1630217,Desmond Bane,ORL,82,33.610305,20.085366,4.121951,4.121951,2.036585,1.048780,0.451220,2.000000,7.109756,14.695122,0.483817,3.829268,4.219512,0.907514,0.972162,-0.471872,0.478351,0.534085,0.240490,-0.322869,-0.457163,0.054109,1.725090,2.752382,38.034716,True,False
40,1642843,Cooper Flagg,DAL,70,33.483690,21.042857,6.657143,4.514286,1.028571,1.200000,0.914286,2.300000,7.985714,17.057143,0.468174,4.042857,4.885714,0.827485,1.136348,0.697624,0.681039,-0.558430,0.676234,0.733002,-0.836413,-0.405794,0.610120,2.733731,37.919159,True,False
41,1629660,Ty Jerome,MEM,15,22.579222,19.666667,2.800000,5.666667,2.800000,1.066667,0.266667,1.800000,6.800000,14.333333,0.474419,3.266667,3.733333,0.875000,0.900365,-1.081695,1.276385,1.361495,0.292030,-0.743681,-0.204331,-0.183810,1.095618,2.712377,37.786848,False,True
42,1630168,Onyeka Okongwu,ATL,74,31.040113,15.175676,7.594595,3.121622,1.945946,1.108108,1.067568,1.716216,5.581081,11.621622,0.480233,2.067568,2.729730,0.757426,0.130271,1.130075,-0.038442,0.435847,0.411445,1.082511,-0.098414,-0.030374,-0.337684,2.685234,37.618673,True,False
43,1628969,Mikal Bridges,NYK,82,32.828476,14.402439,3.804878,3.707317,1.902439,1.304878,0.756098,1.012195,5.756098,11.743902,0.490135,0.987805,1.195122,0.826531,-0.002320,-0.618140,0.264141,0.388693,0.978444,0.372305,0.791583,0.173539,0.145196,2.493443,36.430356,True,False
44,1630163,LaMelo Ball,CHA,72,28.020093,20.069444,4.819444,7.138889,3.777778,1.208333,0.250000,2.805556,7.027778,17.277778,0.406752,2.236111,2.486111,0.899441,0.969432,-0.150115,2.036968,2.421239,0.700247,-0.781684,-1.475517,-2.274764,0.945198,2.391004,35.795654,True,False
45,1630700,Dyson Daniels,ATL,76,33.151842,11.855263,6.842105,5.907895,0.289474,1.960526,0.407895,1.776316,5.289474,10.223684,0.517375,0.986842,1.605263,0.614754,-0.439098,0.782948,1.401009,-1.359485,2.867716,-0.421657,-0.174390,0.640152,-1.011206,2.285990,35.145000,True,False
46,1628991,Jaren Jackson Jr.,UTA,48,30.305174,19.395833,5.666667,1.958333,1.750000,1.104167,1.437500,2.229167,7.125000,14.979167,0.475661,3.395833,4.229167,0.802956,0.853924,0.240713,-0.639423,0.223475,0.400087,1.926020,-0.746868,-0.159419,0.160042,2.258552,34.974999,True,False
47,1630578,Alperen Sengun,HOU,72,33.301319,20.361111,8.888889,6.180556,0.555556,1.180556,1.069444,3.152778,8.097222,15.597222,0.519145,3.611111,5.222222,0.691489,1.019446,1.727139,1.541872,-1.071098,0.620204,1.086790,-1.914463,1.025114,-1.867783,2.167222,34.409127,True,False
48,1629639,Tyler Herro,MIA,33,31.292525,20.515152,4.787879,4.121212,2.545455,0.696970,0.363636,1.939394,7.484848,15.606061,0.479612,3.000000,3.272727,0.916667,1.045860,-0.164677,0.477969,1.085612,-0.773264,-0.522573,-0.380547,-0.057805,1.444288,2.154861,34.332539,True,False
49,2544,LeBron James,LAL,60,33.150917,20.933333,6.066667,7.200000,1.283333,1.200000,0.583333,2.983333,7.883333,15.316667,0.514690,3.883333,5.266667,0.737342,1.117568,0.425234,2.068540,-0.282311,0.676234,-0.021627,-1.700258,0.886833,-1.026830,2.143383,34.261426,True,False
50,1630596,Evan Mobley,CLE,65,31.912128,18.153846,9.015385,3.600000,0.953846,0.738462,1.738462,1.876923,7.215385,13.215385,0.545984,2.769231,4.569231,0.606061,0.640954,1.785492,0.208699,-0.639419,-0.653704,2.612264,-0.301574,1.491457,-3.019245,2.124924,34.147057,True,False
51,1642259,Alex Sarr,WAS,48,27.180451,16.312500,7.395833,2.708333,1.041667,0.812500,1.979167,1.708333,6.583333,13.666667,0.481707,2.104167,3.041667,0.691781,0.325208,1.038385,-0.251956,-0.544237,-0.440360,3.161113,-0.088449,-0.000323,-1.084738,2.114644,34.083361,True,False
52,1630591,Jalen Suggs,ORL,57,27.606491,13.789474,3.859649,5.473684,2.140351,1.842105,0.701754,2.666667,4.947368,11.385965,0.434515,1.754386,2.052632,0.854701,-0.107428,-0.592873,1.176686,0.646549,2.526482,0.248394,-1.299939,-0.943928,0.454543,2.108485,34.045197,True,False
53,1628973,Jalen Brunson,NYK,74,34.997387,26.040541,3.337838,6.797297,2.635135,0.770270,0.108108,2.364865,9.310811,19.932432,0.467119,4.783784,5.689189,0.840855,1.993328,-0.833587,1.860494,1.182810,-0.562046,-1.105222,-0.918412,-0.511148,0.980342,2.086558,33.909344,True,False
54,1631157,Ryan Rollins,MIL,74,32.101126,17.310811,4.567568,5.594595,2.486486,1.486486,0.418919,2.716216,6.567568,13.918919,0.471845,1.689189,2.121622,0.796178,0.496394,-0.266307,1.239151,1.021700,1.501754,-0.396520,-1.362578,-0.241414,0.029268,2.021450,33.505940,True,False
55,1631214,Alondes Williams,WAS,4,25.195833,11.000000,6.250000,3.000000,1.250000,0.750000,0.750000,1.250000,4.000000,6.500000,0.615385,1.750000,2.000000,0.875000,-0.585755,0.509807,-0.101274,-0.318439,-0.620456,0.358402,0.490959,1.525800,0.586938,1.845983,32.418766,False,True
56,1641706,Brandon Miller,CHA,65,30.281718,20.169231,4.907692,3.338462,3.138462,1.015385,0.676923,2.507692,6.984615,16.061538,0.434866,3.061538,3.430769,0.892377,0.986543,-0.109406,0.073582,1.728329,0.144259,0.191774,-1.098970,-1.321637,1.218351,1.812826,32.213326,True,False
57,1630193,Immanuel Quickley,TOR,70,31.875833,16.428571,4.028571,5.928571,2.542857,1.314286,0.071429,1.457143,5.728571,12.928571,0.443094,2.428571,2.957143,0.821256,0.345112,-0.514949,1.411691,1.082796,1.005552,-1.188857,0.229097,-0.877021,0.303922,1.797343,32.117396,True,False
58,1627759,Jaylen Brown,BOS,71,34.406174,28.704225,6.929577,5.126761,1.971831,1.014085,0.380282,3.647887,10.366197,21.732394,0.476993,6.000000,7.549296,0.794776,2.450084,0.823299,0.997458,0.463902,0.140513,-0.484619,-2.540362,-0.180446,0.066584,1.736413,31.739881,True,False
59,1627749,Dejounte Murray,NOP,14,27.815476,16.714286,5.357143,6.357143,1.357143,1.642857,0.214286,3.357143,6.285714,13.000000,0.483516,2.785714,3.214286,0.866667,0.394105,0.097928,1.633101,-0.202315,1.952342,-0.863119,-2.172814,0.040997,0.848253,1.728477,31.690714,False,True
60,1642276,Kel'el Ware,MIA,77,22.127554,11.051948,9.012987,0.727273,1.194805,0.766234,1.090909,0.805195,4.467532,8.428571,0.530046,0.922078,1.246753,0.739583,-0.576847,1.784386,-1.275416,-0.378261,-0.573678,1.135733,1.053266,0.715320,-0.233161,1.651343,31.212799,True,False
61,1626164,Devin Booker,PHX,64,33.537969,26.062500,3.875000,6.031250,1.906250,0.796875,0.281250,3.140625,8.531250,18.718750,0.455760,7.093750,8.125000,0.873077,1.997093,-0.585792,1.464737,0.392823,-0.485384,-0.710429,-1.899100,-0.853437,2.328996,1.649508,31.201430,True,False
62,203952,Andrew Wiggins,MIA,68,30.332328,15.367647,4.838235,2.676471,2.029412,1.117647,1.014706,1.514706,5.735294,12.073529,0.475030,1.867647,2.382353,0.783951,0.163189,-0.141447,-0.268417,0.526310,0.438931,0.961977,0.156328,-0.141857,-0.070496,1.624518,31.046592,True,False
63,202696,Nikola Vučević,BOS,64,28.408099,15.078125,8.390625,3.328125,1.562500,0.609375,0.640625,1.328125,6.156250,12.484375,0.493116,1.203125,1.453125,0.827957,0.113544,1.497288,0.068242,0.020257,-1.025671,0.109008,0.392196,0.249848,0.183896,1.608607,30.948012,True,False
64,203507,Giannis Antetokounmpo,MIL,36,28.867500,27.583333,9.777778,5.444444,0.416667,0.944444,0.666667,3.194444,10.361111,16.611111,0.623746,6.444444,9.916667,0.649860,2.257879,2.137188,1.161580,-1.221629,-0.060158,0.168388,-1.967137,4.143182,-5.011579,1.607714,30.942477,True,False
65,1642845,VJ Edgecombe,PHI,75,34.977400,15.986667,5.640000,4.200000,1.986667,1.426667,0.520000,1.826667,6.013333,13.733333,0.437864,1.973333,2.413333,0.817680,0.269336,0.228411,0.518672,0.479981,1.329382,-0.166038,-0.238042,-1.057748,0.217407,1.581362,30.779200,True,False
66,1630581,Josh Giddey,CHI,54,32.062160,17.018519,8.296296,9.148148,1.907407,1.018519,0.500000,3.629630,5.944444,13.277778,0.447699,3.222222,4.222222,0.763158,0.446273,1.453773,3.074997,0.394078,0.153289,-0.211641,-2.517282,-0.793334,-0.436440,1.563714,30.669857,True,False
67,1628386,Jarrett Allen,CLE,56,27.127143,15.357143,8.500000,1.785714,0.017857,0.982143,0.839286,1.339286,6.017857,9.428571,0.638258,3.303571,4.660714,0.708812,0.161388,1.547743,-0.728602,-1.653870,0.048472,0.561989,0.378087,2.591987,-1.380483,1.526710,30.440585,True,False
68,1629674,Neemias Queta,BOS,76,25.344825,10.210526,8.368421,1.657895,0.013158,0.789474,1.315789,0.986842,4.289474,6.565789,0.653307,1.618421,2.302632,0.702857,-0.721130,1.487045,-0.794636,-1.658964,-0.506711,1.648499,0.823634,1.978513,-0.730684,1.525566,30.433497,True,False
69,1630183,Jaden McDaniels,MIN,73,31.731689,14.849315,4.246575,2.726027,1.410959,1.109589,1.000000,1.794521,5.712329,11.082192,0.515451,2.013699,2.410959,0.835227,0.074308,-0.414382,-0.242815,-0.143987,0.415712,0.928445,-0.197404,0.656474,0.367305,1.443656,29.925991,True,False
70,1642851,Kon Knueppel,CHA,81,31.490700,18.493827,5.333333,3.382716,3.370370,0.703704,0.234568,1.987654,6.358025,13.382716,0.475092,2.407407,2.790123,0.862832,0.699252,0.086944,0.096445,1.979679,-0.753860,-0.816872,-0.441557,-0.155787,0.698352,1.392597,29.609636,True,False
71,1631109,Mark Williams,PHX,60,23.600833,11.666667,7.950000,0.966667,0.016667,0.916667,0.916667,1.083333,4.700000,7.300000,0.643836,2.250000,2.916667,0.771429,-0.471438,1.294025,-1.151740,-1.655161,-0.140200,0.738431,0.701653,2.078337,-0.215896,1.178012,28.280089,True,False
72,1630166,Deni Avdija,POR,66,33.324015,24.212121,6.878788,6.696970,1.893939,0.772727,0.621212,3.833333,7.454545,16.121212,0.462406,7.409091,9.242424,0.801639,1.679799,0.799870,1.808663,0.379481,-0.554966,0.064744,-2.774797,-0.546836,0.306589,1.162546,28.184264,True,False
73,1641824,Matas Buzelis,CHI,77,29.198030,16.259740,5.818182,2.051948,2.246753,0.714286,1.506494,2.064935,5.792208,12.506494,0.463136,2.428571,3.090909,0.785714,0.316161,0.310607,-0.591059,0.761871,-0.723368,2.083337,-0.539252,-0.408190,-0.072121,1.137987,28.032098,True,False
74,1642263,Reed Sheppard,HOU,82,26.181992,13.536585,2.902439,3.378049,2.768293,1.487805,0.658537,1.500000,4.963415,11.536585,0.430233,0.841463,1.048780,0.802326,-0.150793,-1.034439,0.094034,1.327130,1.505553,0.149850,0.174918,-1.043171,0.037344,1.060426,27.551542,True,False
75,201942,DeMar DeRozan,SAC,77,31.240455,18.428571,2.935065,4.103896,0.610390,1.038961,0.298701,1.246753,6.480519,13.051948,0.496517,4.857143,5.597403,0.867749,0.688063,-1.019389,0.469023,-1.011667,0.212195,-0.670637,0.495064,0.339163,1.498664,1.000479,27.180114,True,False
76,204001,Kristaps Porziņģis,GSW,32,24.027865,16.656250,5.218750,2.531250,1.687500,0.562500,1.187500,1.281250,5.406250,12.125000,0.445876,4.156250,4.937500,0.841772,0.384153,0.034086,-0.343441,0.155736,-1.160743,1.355977,0.451454,-0.763263,0.866880,0.980838,27.058423,True,False
77,1626181,Norman Powell,MIA,58,29.602356,21.741379,3.482759,2.465517,2.689655,1.103448,0.241379,1.913793,7.258621,15.431034,0.470391,4.534483,5.482759,0.827044,1.256128,-0.766735,-0.377400,1.241900,0.398017,-0.801341,-0.348184,-0.307032,0.676092,0.971445,27.000225,True,False
78,203944,Julius Randle,MIN,79,33.041730,21.101266,6.734177,5.037975,1.379747,1.088608,0.227848,2.746835,7.341772,15.278481,0.480530,5.037975,6.278481,0.802419,1.146364,0.733160,0.951589,-0.177816,0.355253,-0.832194,-1.401286,-0.031944,0.225646,0.968773,26.983665,True,False
79,1630202,Payton Pritchard,BOS,79,32.348397,17.025316,3.949367,5.164557,2.683544,0.734177,0.126582,1.379747,6.405063,13.810127,0.463795,1.531646,1.721519,0.889706,0.447439,-0.551486,1.016984,1.235277,-0.666050,-1.063098,0.326938,-0.434764,0.595040,0.906281,26.596473,True,False
80,1627742,Brandon Ingram,TOR,77,33.816407,21.493506,5.584416,3.688312,1.753247,0.753247,0.714286,2.428571,7.974026,16.727273,0.476708,3.792208,4.623377,0.820225,1.213623,0.202770,0.254323,0.226994,-0.611100,0.276967,-0.998948,-0.147254,0.458252,0.875627,26.406547,True,False
81,1630532,Franz Wagner,ORL,34,29.970686,20.558824,5.205882,3.323529,1.411765,0.941176,0.323529,1.705882,7.176471,14.911765,0.481262,4.794118,5.823529,0.823232,1.053348,0.028151,0.065868,-0.143114,-0.069574,-0.614024,-0.085351,-0.012006,0.639353,0.862651,26.326145,True,False
82,1628368,De'Aaron Fox,SAS,72,30.987014,18.555556,3.750000,6.180556,1.819444,1.236111,0.263889,2.277778,7.069444,14.541667,0.486151,2.597222,3.416667,0.760163,0.709837,-0.643455,1.541872,0.298741,0.780290,-0.750015,-0.808320,0.113136,-0.389484,0.852602,26.263887,True,False
83,1630200,Tre Jones,CHI,65,26.959590,14.061538,3.138462,5.384615,0.630769,1.169231,0.169231,1.415385,5.246154,9.492308,0.552674,2.938462,3.492308,0.841410,-0.060776,-0.925561,1.130671,-0.989579,0.587572,-0.965852,0.281886,1.182812,0.608655,0.849829,26.246701,True,False
84,1628960,Grayson Allen,PHX,51,28.770163,16.490196,3.039216,3.823529,3.117647,1.352941,0.254902,1.627451,5.274510,13.078431,0.403298,2.823529,3.294118,0.857143,0.355679,-0.971343,0.324179,1.705770,1.116939,-0.770507,0.013799,-1.801218,0.758005,0.731304,25.512334,True,False
85,1631114,Jalen Williams,OKC,33,28.362525,17.060606,4.636364,5.484848,0.696970,1.181818,0.272727,1.909091,6.545455,13.515152,0.484305,3.272727,3.909091,0.837209,0.453490,-0.234571,1.182454,-0.917829,0.623843,-0.729862,-0.342240,0.061335,0.623034,0.719654,25.440155,True,False
86,1628404,Josh Hart,NYK,66,30.205682,12.000000,7.363636,4.803030,1.515152,1.136364,0.257576,1.939394,4.560606,8.969697,0.508446,1.363636,1.893939,0.720000,-0.414279,1.023533,0.830211,-0.031060,0.492864,-0.764410,-0.380547,0.420987,-0.485795,0.691504,25.265738,True,False
87,1631095,Jabari Smith Jr.,HOU,77,35.134610,15.779221,6.870130,1.857143,2.298701,0.727273,0.922078,1.363636,5.688312,12.662338,0.449231,2.103896,2.714286,0.775120,0.233764,0.795876,-0.691700,0.818173,-0.685945,0.750769,0.347304,-0.722494,-0.165368,0.680380,25.196818,True,False
88,1631099,Keegan Murray,SAC,23,34.482464,13.956522,5.739130,1.652174,1.347826,1.043478,1.565217,1.173913,5.478261,13.043478,0.420000,1.652174,2.130435,0.775510,-0.078784,0.274140,-0.797592,-0.212412,0.225212,2.217238,0.587146,-1.413823,-0.126844,0.674280,25.159021,True,False
89,1630180,Saddiq Bey,NOP,72,31.188542,17.652778,5.555556,2.527778,2.097222,0.944444,0.097222,0.944444,6.055556,13.430556,0.450879,3.444444,4.097222,0.840678,0.555033,0.189456,-0.345235,0.599805,-0.060158,-1.130044,0.877231,-0.727451,0.703445,0.662083,25.083450,True,False
90,1629675,Naz Reid,MIN,77,26.069481,13.584416,6.194805,2.207792,2.103896,0.987013,1.012987,1.636364,5.155844,11.311688,0.455798,1.168831,1.597403,0.731707,-0.142591,0.484345,-0.510547,0.607038,0.062505,0.958058,0.002532,-0.514968,-0.343377,0.602995,24.717348,True,False
91,1631221,Collin Gillespie,PHX,80,28.522521,12.650000,4.087500,4.637500,2.900000,1.237500,0.200000,1.562500,4.400000,10.525000,0.418052,0.950000,1.087500,0.873563,-0.302820,-0.487765,0.744695,1.469878,0.784292,-0.895693,0.095908,-1.176839,0.313604,0.545259,24.359621,True,False
92,203497,Rudy Gobert,MIN,76,31.316404,10.907895,11.473684,1.684211,0.000000,0.763158,1.631579,1.394737,4.407895,6.460526,0.682281,2.092105,3.973684,0.526490,-0.601548,2.919518,-0.781041,-1.673225,-0.582541,2.368554,0.307988,2.275534,-3.747615,0.485624,23.990125,True,False
93,1626167,Myles Turner,MIL,71,26.926808,11.915493,5.323944,1.450704,2.070423,0.704225,1.619718,1.169014,4.000000,9.098592,0.439628,1.845070,2.492958,0.740113,-0.428770,0.082613,-0.901675,0.570758,-0.752357,2.341509,0.593339,-0.672585,-0.461533,0.371298,23.281779,True,False
94,1641709,Ausar Thompson,DET,73,25.967260,9.876712,5.726027,3.123288,0.082192,2.000000,0.945205,1.506849,4.150685,7.904110,0.525130,1.493151,2.616438,0.570681,-0.778371,0.268096,-0.037581,-1.584143,2.981461,0.803504,0.166260,0.602567,-2.057337,0.364455,23.239378,True,False
95,1627734,Domantas Sabonis,SAC,19,29.662544,15.842105,11.368421,4.105263,0.263158,0.947368,0.210526,2.684211,6.315789,11.631579,0.542986,2.947368,4.052632,0.727273,0.244547,2.870959,0.469729,-1.388007,-0.051732,-0.871691,-1.322117,1.251486,-0.934920,0.268256,22.643337,False,True
96,1630245,Ayo Dosunmu,MIN,69,27.261498,14.811594,3.434783,3.608696,1.782609,0.840580,0.260870,1.391304,5.594203,10.826087,0.516734,1.840580,2.101449,0.875862,0.067840,-0.788866,0.213191,0.258817,-0.359447,-0.756899,0.312327,0.665686,0.623138,0.235787,22.442165,True,False
97,1643016,Bez Mbeng,UTA,15,32.812333,8.133333,3.800000,4.133333,0.400000,2.266667,0.333333,1.466667,3.333333,6.666667,0.500000,1.066667,1.666667,0.640000,-1.077317,-0.620390,0.484231,-1.239693,3.749869,-0.591670,0.217057,0.214011,-0.900590,0.235509,22.440440,False,True
98,1642504,Cormac Ryan,MIL,11,24.607121,14.272727,2.545455,1.727273,2.454545,1.000000,0.272727,1.545455,4.818182,9.272727,0.519608,2.181818,2.363636,0.923077,-0.024562,-1.199118,-0.758794,0.987082,0.099928,-0.729862,0.117456,0.616977,1.096857,0.205964,22.257383,False,True
99,1630643,Jay Huff,IND,82,20.966382,9.548780,3.951220,1.475610,1.451220,0.500000,1.865854,0.926829,3.548780,7.451220,0.476268,1.000000,1.207317,0.828283,-0.834603,-0.550632,-0.888809,-0.100352,-1.340839,2.902740,0.899500,-0.071348,0.154184,0.169842,22.033579,True,False
100,1629028,Deandre Ayton,LAL,72,27.199792,12.458333,7.986111,0.819444,0.000000,0.569444,0.972222,1.152778,5.597222,8.347222,0.670549,1.263889,1.958333,0.645390,-0.335686,1.310683,-1.227798,-1.673225,-1.140732,0.865107,0.613864,2.768085,-1.020741,0.159557,21.969855,True,False
101,1628978,Donte DiVincenzo,MIN,82,30.415081,12.195122,4.097561,3.817073,2.975610,1.268293,0.414634,1.439024,4.134146,10.182927,0.405988,0.951220,1.280488,0.742857,-0.380821,-0.483123,0.320844,1.551826,0.873022,-0.406290,0.252001,-1.354337,-0.224595,0.148527,21.901512,True,False
102,1641771,Jalen Slawson,IND,13,23.888462,7.307692,4.384615,2.769231,1.153846,1.538462,1.076923,1.307692,2.615385,5.923077,0.441558,0.923077,1.307692,0.705882,-1.218894,-0.350704,-0.220495,-0.422653,1.651522,1.103843,0.418027,-0.417769,-0.400927,0.141948,21.860751,False,True
103,1627826,Ivica Zubac,IND,48,30.139549,14.104167,10.604167,2.187500,0.000000,0.375000,0.833333,1.791667,6.000000,10.041667,0.597510,2.104167,2.958333,0.711268,-0.053466,2.518405,-0.521030,-1.673225,-1.701031,0.548416,-0.193796,2.041953,-0.850472,0.115754,21.698456,True,False
104,1628392,Isaiah Hartenstein,OKC,47,24.200532,9.191489,9.425532,3.531915,0.000000,1.021277,0.765957,1.744681,3.914894,6.297872,0.621622,1.361702,2.234043,0.609524,-0.895870,1.974695,0.173525,-1.673225,0.161237,0.394788,-0.134398,1.547336,-1.448753,0.099335,21.596724,True,False
105,1629636,Darius Garland,LAC,45,29.872815,18.777778,2.377778,6.688889,2.711111,0.955556,0.177778,2.888889,6.866667,14.933333,0.459821,2.333333,2.711111,0.860656,0.747943,-1.276468,1.804488,1.265155,-0.028141,-0.946363,-1.580864,-0.574326,0.657642,0.069067,21.409185,True,False
106,1641717,Cason Wallace,OKC,77,26.572338,8.571429,3.090909,2.597403,1.311688,1.948052,0.363636,0.948052,3.272727,7.584416,0.431507,0.714286,0.883117,0.808824,-1.002195,-0.947497,-0.309265,-0.251579,2.831771,-0.522573,0.872671,-0.668831,0.051806,0.054306,21.317730,True,False
107,1642349,Ajay Mitchell,OKC,57,25.838567,13.578947,3.333333,3.614035,1.070175,1.245614,0.315789,1.421053,5.017544,10.350877,0.484746,2.473684,2.842105,0.870370,-0.143529,-0.835665,0.215950,-0.513338,0.807673,-0.631673,0.274721,0.054988,0.787383,0.016510,21.083551,True,False
108,1642273,Kyshawn George,WAS,48,28.978403,14.791667,5.104167,4.458333,2.062500,1.000000,0.895833,2.604167,5.270833,12.020833,0.438475,2.187500,2.729167,0.801527,0.064423,-0.018771,0.652133,0.562172,0.099928,0.690927,-1.220929,-0.912956,0.089441,0.006367,21.020704,True,False
109,1627783,Pascal Siakam,IND,62,33.171801,23.951613,6.629032,3.806452,1.693548,1.112903,0.403226,2.225806,9.016129,18.629032,0.483983,4.225806,6.096774,0.693122,1.635128,0.684656,0.315356,0.162291,0.425262,-0.432303,-0.742620,0.074001,-2.145264,-0.023491,20.835705,True,False
110,201950,Jrue Holiday,POR,53,29.441541,16.320755,4.622642,6.075472,2.584906,1.018868,0.113208,2.754717,6.037736,13.377358,0.451340,1.660377,1.981132,0.838095,0.326624,-0.240901,1.487583,1.128370,0.154296,-1.093594,-1.411249,-0.713741,0.321982,-0.040631,20.729508,True,False
111,1628970,Miles Bridges,CHA,77,31.003009,17.064935,5.844156,3.194805,1.922078,0.597403,0.441558,1.389610,6.220779,13.532468,0.459693,2.701299,3.285714,0.822134,0.454233,0.322589,-0.000634,0.409978,-1.060170,-0.344898,0.314469,-0.523504,0.347931,-0.080006,20.485548,True,False
112,1626162,Kelly Oubre Jr.,PHI,50,31.486233,14.100000,5.040000,1.600000,1.720000,1.360000,0.480000,1.380000,5.080000,10.880000,0.466912,2.220000,2.900000,0.765517,-0.054181,-0.048372,-0.824546,0.190960,1.137279,-0.257244,0.326618,-0.282960,-0.275488,-0.087934,20.436428,True,False
113,1628381,John Collins,LAC,69,27.122874,13.550725,5.318841,1.014493,1.289855,0.869565,0.739130,1.376812,5.275362,9.550725,0.552352,1.710145,2.231884,0.766234,-0.148368,0.080259,-1.127032,-0.275243,-0.275925,0.333618,0.330649,1.184687,-0.206346,-0.103701,20.338734,True,False
114,1629057,Robert Williams III,POR,59,17.088362,6.728814,7.033898,1.016949,0.152542,0.593220,1.474576,0.830508,3.000000,4.237288,0.708000,0.576271,0.966102,0.596491,-1.318158,0.871423,-1.125763,-1.507895,-1.072221,2.010560,1.021265,1.683849,-0.671181,-0.108121,20.311349,True,False
115,202699,Tobias Harris,DET,63,27.705556,13.269841,5.126984,2.492063,1.301587,0.920635,0.412698,1.000000,4.904762,10.460317,0.468892,2.158730,2.492063,0.866242,-0.196533,-0.008246,-0.363686,-0.262527,-0.128766,-0.410704,0.807000,-0.235663,0.653903,-0.145220,20.081484,True,False
116,1629627,Zion Williamson,NOP,62,29.694570,21.000000,5.693548,3.209677,0.016129,0.967742,0.548387,2.032258,7.806452,13.016129,0.599752,5.370968,7.500000,0.716129,1.128999,0.253113,0.007050,-1.655743,0.006975,-0.101310,-0.497943,2.698049,-2.026758,-0.187569,19.819098,True,False
117,1630583,Santi Aldama,MEM,43,27.862287,14.000000,6.674419,2.930233,1.627907,0.860465,0.720930,1.279070,5.302326,11.069767,0.478992,1.767442,2.651163,0.666667,-0.071328,0.705593,-0.137318,0.091147,-0.302147,0.292118,0.454210,-0.053057,-1.181719,-0.202500,19.726589,True,False
118,1628976,Wendell Carter Jr.,ORL,78,29.337842,11.820513,7.397436,1.974359,0.923077,0.769231,0.628205,1.282051,4.179487,8.166667,0.511774,2.538462,3.205128,0.792000,-0.445057,1.039125,-0.631144,-0.672768,-0.565042,0.080689,0.450441,0.431028,-0.003302,-0.316029,19.023174,True,False
119,1631212,Peyton Watson,DEN,54,29.588117,14.611111,4.888889,2.055556,1.500000,0.925926,1.129630,1.722222,5.277778,10.759259,0.490534,2.555556,3.500000,0.730159,0.033462,-0.118080,-0.589196,-0.047482,-0.113519,1.224023,-0.106007,0.166520,-0.771591,-0.321870,18.986985,True,False
120,1631094,Paolo Banchero,ORL,72,34.745625,22.208333,8.388889,5.180556,1.166667,0.708333,0.555556,3.083333,7.347222,16.000000,0.459201,6.347222,8.194444,0.774576,1.336199,1.496487,1.025249,-0.408758,-0.740520,-0.084965,-1.826674,-0.632771,-0.515044,-0.350797,18.807755,True,False
121,1629027,Trae Young,WAS,15,25.583556,17.933333,2.000000,8.000000,1.800000,0.866667,0.133333,2.600000,5.400000,11.800000,0.457627,5.333333,6.466667,0.824742,0.603141,-1.450738,2.481838,0.277667,-0.284277,-1.047704,-1.215662,-0.499293,0.744607,-0.390421,18.562248,False,True
122,203897,Zach LaVine,SAC,39,31.391368,19.179487,2.769231,2.282051,2.538462,0.717949,0.256410,1.897436,6.717949,14.025641,0.478976,3.205128,3.641026,0.880282,0.816826,-1.095889,-0.472183,1.078032,-0.712813,-0.767067,-0.327506,-0.067602,1.136763,-0.411438,18.432027,True,False
123,1642285,Cam Spencer,MEM,72,23.811829,11.083333,2.541667,5.555556,2.027778,0.722222,0.152778,1.291667,3.652778,7.722222,0.473022,1.750000,1.861111,0.940299,-0.571465,-1.200865,1.218983,0.524539,-0.700498,-1.003367,0.438286,-0.117975,0.977381,-0.434982,18.286152,True,False
124,1627751,Jakob Poeltl,TOR,46,24.979565,10.717391,7.021739,2.021739,0.000000,0.869565,0.695652,1.239130,4.717391,6.739130,0.700000,1.282609,2.130435,0.602041,-0.634215,0.865814,-0.606666,-1.673225,-0.275925,0.234480,0.504700,2.583370,-1.438130,-0.439796,18.256329,True,False
125,1630577,Julian Champagnie,SAS,82,27.633699,11.109756,5.768293,1.548780,2.378049,0.756098,0.463415,0.841463,3.670732,8.402439,0.436865,1.390244,1.646341,0.844444,-0.566934,0.287593,-0.851007,0.904172,-0.602885,-0.295062,1.007416,-0.661902,0.304659,-0.473950,18.044714,True,False
126,203468,CJ McCollum,ATL,76,29.781206,18.736842,3.315789,3.855263,2.513158,0.842105,0.460526,1.776316,6.907895,15.184211,0.454939,2.407895,3.118421,0.772152,0.740923,-0.843758,0.340574,1.050607,-0.355051,-0.301648,-0.174390,-0.714161,-0.222827,-0.479731,18.008892,True,False
127,1631217,Moussa Diabaté,CHA,73,26.013105,7.876712,8.698630,1.931507,0.013699,0.767123,0.986301,1.000000,3.136986,4.972603,0.630854,1.589041,2.410959,0.659091,-1.121321,1.639372,-0.653282,-1.658378,-0.571114,0.897210,0.807000,1.302353,-1.139458,-0.497619,17.898059,True,False
128,1641764,Brandin Podziemski,GSW,82,28.447236,13.817073,5.109756,3.707317,1.865854,1.073171,0.182927,1.597561,4.804878,10.560976,0.454965,2.341463,2.939024,0.796680,-0.102696,-0.016193,0.264141,0.349041,0.310771,-0.934622,0.051585,-0.496234,0.045781,-0.528425,17.707193,True,False
129,1630170,Devin Vassell,SAS,67,30.510920,13.910448,4.014925,2.492537,2.477612,0.850746,0.373134,0.895522,4.925373,11.268657,0.437086,1.582090,1.940299,0.815385,-0.086684,-0.521244,-0.363441,1.012082,-0.330152,-0.500916,0.939077,-0.883314,0.158993,-0.575599,17.414903,True,False
130,1629614,Andrew Nembhard,IND,57,31.326199,16.947368,2.807018,7.666667,1.877193,0.894737,0.140351,2.403509,5.842105,13.210526,0.442231,3.385965,4.105263,0.824786,0.434073,-1.078457,2.309630,0.361331,-0.203392,-1.031703,-0.967265,-0.916166,0.473344,-0.618605,17.148442,True,False
131,1641739,Toumani Camara,POR,82,33.307764,13.414634,5.134146,2.451220,2.670732,1.146341,0.426829,1.756098,4.780488,10.865854,0.439955,1.182927,1.670732,0.708029,-0.171704,-0.004942,-0.384787,1.221390,0.521615,-0.378483,-0.148831,-0.796991,-0.499506,-0.642238,17.002020,True,False
132,1629655,Daniel Gafford,DAL,55,21.717061,9.527273,6.872727,1.054545,0.000000,0.763636,1.254545,1.145455,3.763636,5.745455,0.655063,2.000000,2.927273,0.683230,-0.838291,0.797074,-1.106340,-1.673225,-0.581162,1.508852,0.623122,1.749041,-1.132758,-0.653686,16.931085,True,False
133,1626220,Royce O'Neale,PHX,78,28.372479,9.807692,4.769231,2.666667,2.717949,1.076923,0.410256,1.320513,3.371795,8.012821,0.420800,0.346154,0.487179,0.710526,-0.790206,-0.173279,-0.273482,1.272566,0.321584,-0.416272,0.401819,-0.857277,-0.141338,-0.655884,16.917467,True,False
134,1629661,Cameron Johnson,DEN,54,30.500586,12.222222,3.814815,2.444444,2.037037,0.740741,0.388889,0.870370,4.222222,8.796296,0.480000,1.740741,2.074074,0.839286,-0.376173,-0.613556,-0.388287,0.534574,-0.647137,-0.464993,0.970873,-0.026582,0.345848,-0.665433,16.858303,True,False
135,203932,Aaron Gordon,DEN,36,27.915509,16.166667,5.805556,2.666667,1.694444,0.583333,0.277778,1.055556,5.500000,11.055556,0.497487,3.472222,4.527778,0.766871,0.300202,0.304783,-0.273482,0.163263,-1.100711,-0.718346,0.736769,0.306119,-0.408369,-0.689773,16.707494,True,False
136,201143,Al Horford,GSW,45,21.537444,8.266667,4.866667,2.577778,1.644444,0.666667,1.133333,0.933333,3.066667,7.200000,0.425926,0.488889,0.577778,0.846154,-1.054454,-0.128331,-0.319404,0.109071,-0.860583,1.232468,0.891278,-0.705500,0.110423,-0.725032,16.489032,True,False
137,1641710,Anthony Black,ORL,64,29.844531,14.984375,3.812500,3.687500,1.562500,1.421875,0.703125,2.062500,5.390625,12.062500,0.446891,2.640625,3.609375,0.731602,0.097468,-0.614623,0.253903,0.020257,1.315574,0.251519,-0.536174,-0.737829,-0.777223,-0.727127,16.476051,True,False
138,203994,Jusuf Nurkić,UTA,41,26.416301,10.902439,10.365854,4.780488,0.609756,1.268293,0.536585,2.463415,4.390244,8.731707,0.502793,1.512195,2.756098,0.548673,-0.602484,2.408470,0.818565,-1.012354,0.873022,-0.128220,-1.042995,0.323137,-2.382373,-0.745232,16.363879,True,False
139,1642852,Derik Queen,NOP,81,24.980000,11.703704,7.061728,3.679012,0.283951,1.037037,0.913580,2.345679,4.370370,9.234568,0.473262,2.679012,3.370370,0.794872,-0.465087,0.884261,0.249518,-1.365471,0.206651,0.731393,-0.894158,-0.137181,0.030871,-0.759202,16.277322,True,False
140,1630572,Sandro Mamukelashvili,TOR,80,21.883646,11.162500,4.937500,1.887500,1.437500,0.800000,0.512500,0.837500,4.125000,7.887500,0.522979,1.475000,1.975000,0.746835,-0.557890,-0.095656,-0.676017,-0.115221,-0.476379,-0.183139,1.012427,0.571511,-0.318533,-0.838896,15.783543,True,False
141,1641731,Bilal Coulibaly,WAS,56,26.207232,11.732143,4.339286,2.589286,1.160714,1.339286,0.964286,1.446429,4.107143,9.660714,0.425139,2.357143,3.160714,0.745763,-0.460210,-0.371615,-0.313459,-0.415209,1.077591,0.847010,0.242641,-0.959973,-0.521798,-0.875022,15.559715,True,False
142,1629023,P.J. Washington,DAL,56,30.993214,14.160714,7.035714,1.750000,1.357143,0.982143,1.071429,1.678571,5.285714,11.750000,0.449848,2.232143,3.250000,0.686813,-0.043770,0.872261,-0.747052,-0.202315,0.048472,1.091314,-0.050825,-0.657700,-1.216320,-0.905936,15.368176,True,False
143,1629630,Ja Morant,MEM,20,28.425000,19.450000,3.250000,8.050000,1.000000,1.000000,0.300000,3.550000,6.600000,16.100000,0.409938,5.250000,5.850000,0.897436,0.863212,-0.874107,2.507669,-0.589396,0.099928,-0.667675,-2.416617,-2.029631,2.182493,-0.924125,15.255474,True,False
144,1641750,Ryan Kalkbrenner,CHA,69,21.436691,7.550725,5.463768,0.782609,0.000000,0.463768,1.463768,0.898551,3.173913,4.217391,0.752577,1.202899,1.681159,0.715517,-1.177220,0.147114,-1.246829,-1.673225,-1.445242,1.985916,0.935249,2.006105,-0.457956,-0.926088,15.243311,True,False
145,1642281,Jaylon Tyson,CLE,66,26.931566,13.212121,5.121212,2.227273,2.015152,0.818182,0.424242,1.500000,5.000000,10.151515,0.492537,1.196970,1.621212,0.738318,-0.206430,-0.010908,-0.500483,0.510854,-0.423988,-0.384381,0.174918,0.192837,-0.310470,-0.958051,15.045276,True,False
146,1629680,Matisse Thybulle,POR,30,15.988333,5.800000,1.966667,0.900000,1.233333,2.000000,0.533333,0.933333,1.933333,4.466667,0.432836,0.700000,0.833333,0.840000,-1.477426,-1.466115,-1.186182,-0.336503,2.981461,-0.135635,0.891278,-0.383468,0.141069,-0.971522,14.961807,True,False
147,1643158,Andersson Garcia,UTA,5,33.750000,5.200000,8.400000,2.800000,0.200000,1.600000,0.800000,1.400000,1.800000,5.800000,0.310345,1.400000,1.800000,0.777778,-1.580312,1.501612,-0.204599,-1.456459,1.828847,0.472411,0.301335,-1.745614,-0.092688,-0.975467,14.937369,False,True
148,1630541,Moses Moody,GSW,60,25.664972,12.133333,3.333333,1.633333,2.516667,0.966667,0.566667,0.950000,4.083333,9.283333,0.439856,1.450000,1.883333,0.769912,-0.391416,-0.835665,-0.807325,1.054410,0.003876,-0.059629,0.870208,-0.682526,-0.149545,-0.997611,14.800162,True,False
149,1628436,Luke Kornet,SAS,68,21.030588,6.529412,6.088235,1.852941,0.000000,0.470588,0.955882,0.411765,2.573529,4.000000,0.643382,1.382353,1.676471,0.824561,-1.352350,0.435184,-0.693871,-1.673225,-1.425590,0.827849,1.550626,1.135631,0.191962,-1.003784,14.761919,True,False
150,1642271,Kyle Filipowski,UTA,77,23.388874,11.415584,7.168831,2.571429,0.961039,0.948052,0.506494,1.623377,4.194805,8.532468,0.491629,2.064935,2.753247,0.750000,-0.514492,0.933668,-0.322684,-0.631623,-0.049762,-0.196835,0.018950,0.148465,-0.413136,-1.027449,14.615294,True,False
151,203924,Jerami Grant,POR,57,29.738626,18.596491,3.473684,2.140351,2.385965,0.736842,0.631579,2.087719,5.807018,12.807018,0.453425,4.596491,5.649123,0.813665,0.716857,-0.770921,-0.545388,0.912752,-0.658371,0.088382,-0.568055,-0.636422,0.428428,-1.032738,14.582519,True,False
152,1629723,John Konchar,UTA,56,19.904940,4.428571,4.285714,2.107143,0.500000,1.482143,0.678571,0.625000,1.678571,3.553571,0.472362,0.571429,0.785714,0.727273,-1.712593,-0.396327,-0.562544,-1.131310,1.489238,0.195533,1.281061,-0.058407,-0.181260,-1.076610,14.310698,True,False
153,1627884,Derrick Jones Jr.,LAC,50,26.990167,10.080000,3.460000,1.380000,1.100000,0.900000,1.000000,0.800000,3.780000,7.580000,0.498681,1.420000,1.860000,0.763441,-0.743512,-0.777233,-0.938203,-0.481013,-0.188226,0.928445,1.059833,0.225769,-0.190396,-1.104536,14.137669,True,False
154,1642875,Maxime Raynaud,SAC,74,26.538919,12.459459,7.513514,1.351351,0.324324,0.513514,0.527027,1.270270,5.175676,9.067568,0.570790,1.783784,2.270270,0.785714,-0.335493,1.092672,-0.953003,-1.321713,-1.301899,-0.150015,0.465334,1.418366,-0.052972,-1.138724,13.925846,True,False
155,1642928,Dylan Cardwell,SAC,44,20.603144,5.409091,7.545455,1.409091,0.045455,0.681818,1.522727,0.886364,2.386364,4.068182,0.586592,0.590909,1.159091,0.509804,-1.544458,1.107406,-0.923174,-1.623960,-0.816924,2.120353,0.950655,0.749252,-1.161773,-1.142622,13.901695,True,False
156,1642907,Cedric Coward,MEM,62,25.773333,13.596774,5.870968,2.758065,1.500000,0.645161,0.435484,1.693548,4.919355,10.451613,0.470679,2.258065,2.677419,0.843373,-0.140472,0.334958,-0.226264,-0.047482,-0.922552,-0.358749,-0.069759,-0.202671,0.485289,-1.147701,13.870220,True,False
157,1629651,Nic Claxton,BKN,69,27.831401,11.739130,6.927536,3.666667,0.043478,0.652174,1.115942,1.391304,4.826087,8.449275,0.571184,2.043478,3.318841,0.615721,-0.459012,0.822358,0.243140,-1.626102,-0.902345,1.192813,0.312327,1.327493,-2.079261,-1.168588,13.740807,True,False
158,1629011,Mitchell Robinson,NYK,60,19.575028,5.666667,8.750000,0.866667,0.000000,0.933333,1.166667,0.683333,2.483333,3.433333,0.723301,0.700000,1.716667,0.407767,-1.500290,1.663069,-1.203402,-1.673225,-0.092175,1.308474,1.207318,1.456625,-2.342151,-1.175756,13.696396,True,False
159,1631351,Lucas Williamson,MEM,7,31.962857,10.428571,5.428571,2.571429,2.142857,1.571429,0.142857,1.428571,3.571429,10.714286,0.333333,1.142857,1.142857,1.000000,-0.683740,0.130878,-0.322684,0.649265,1.746518,-1.025988,0.265216,-2.792099,0.842277,-1.190358,13.605925,False,True
160,1642882,Julian Reese,WAS,13,30.884615,11.846154,10.538462,1.846154,0.000000,1.384615,0.615385,2.461538,4.846154,9.153846,0.529412,2.153846,3.384615,0.636364,-0.440660,2.488095,-0.697377,-1.673225,1.208209,0.051456,-1.040624,0.766673,-1.872561,-1.210013,13.484145,False,True
161,1626171,Bobby Portis Jr.,MIL,67,24.168856,13.656716,6.388060,1.567164,2.014925,0.611940,0.179104,0.985075,5.462687,11.194030,0.488000,0.716418,1.014925,0.705882,-0.130193,0.573495,-0.841510,0.510609,-1.018279,-0.943338,0.825868,0.123442,-0.311168,-1.211074,13.477574,True,False
162,1629012,Collin Sexton,CHI,68,23.723578,15.441176,2.279412,3.279412,1.647059,1.117647,0.147059,2.073529,5.294118,10.911765,0.485175,3.205882,3.750000,0.854902,0.175798,-1.321844,0.043076,0.111905,0.438931,-1.016407,-0.550117,0.066198,0.833091,-1.219371,13.426167,True,False
163,1630241,Sam Merrill,CLE,52,26.482179,12.750000,2.557692,2.403846,3.038462,0.634615,0.134615,0.807692,4.288462,9.307692,0.460744,1.134615,1.326923,0.855072,-0.285673,-1.193472,-0.409261,1.619947,-0.952940,-1.044781,1.050108,-0.342890,0.295589,-1.263373,13.153529,True,False
164,1630692,Jordan Goodwin,PHX,70,22.453952,8.700000,4.871429,2.157143,1.600000,1.514286,0.200000,0.971429,3.271429,7.928571,0.412613,0.557143,0.800000,0.696429,-0.980148,-0.126135,-0.536713,0.060901,1.581859,-0.895693,0.843119,-0.962265,-0.272108,-1.287183,13.006009,True,False
165,1642264,Stephon Castle,SAS,68,29.966814,16.661765,5.323529,7.382353,1.191176,1.147059,0.279412,3.191176,5.661765,12.014706,0.471236,4.147059,5.647059,0.734375,0.385099,0.082422,2.162747,-0.382194,0.523682,-0.714620,-1.963005,-0.221224,-1.160439,-1.287532,13.003846,True,False
166,1642380,Adama Bal,MEM,8,30.164375,10.375000,3.125000,2.375000,2.250000,1.125000,0.125000,0.750000,3.500000,8.500000,0.411765,1.125000,1.250000,0.900000,-0.692927,-0.931771,-0.424163,0.765389,0.460119,-1.066705,1.123041,-1.044275,0.477717,-1.333574,12.718574,False,True
167,1629628,RJ Barrett,TOR,57,30.276491,19.263158,5.263158,3.315789,1.684211,0.736842,0.333333,1.736842,7.035088,14.315789,0.491422,3.508772,4.894737,0.716846,0.831174,0.054572,0.061869,0.152171,-0.658371,-0.591670,-0.124489,0.243890,-1.310277,-1.341130,12.671756,True,False
168,1631097,Bennedict Mathurin,LAC,54,30.000278,17.574074,5.425926,2.388889,1.388889,0.796296,0.240741,2.185185,5.388889,12.537037,0.429838,5.407407,6.222222,0.869048,0.541537,0.129658,-0.416988,-0.167907,-0.487051,-0.802797,-0.691268,-1.142332,1.694616,-1.342533,12.663064,True,False
169,1630191,Isaiah Stewart,DET,58,22.709224,10.017241,5.000000,1.137931,0.689655,0.275862,1.603448,1.155172,3.810345,6.931034,0.549751,1.706897,2.258621,0.755725,-0.754273,-0.066824,-1.063261,-0.925757,-1.986700,2.304411,0.610837,0.828079,-0.293033,-1.346521,12.638354,True,False
170,1627739,Kris Dunn,LAC,82,27.195122,7.268293,3.304878,3.597561,0.975610,1.597561,0.170732,1.353659,2.768293,5.817073,0.475891,0.756098,0.987805,0.765432,-1.225650,-0.848792,0.207439,-0.615831,1.821819,-0.962429,0.359918,-0.059556,-0.094136,-1.417219,12.200320,True,False
171,1628415,Dillon Brooks,PHX,56,30.385417,20.196429,3.625000,1.767857,2.267857,1.017857,0.160714,1.750000,7.446429,17.125000,0.434828,3.035714,3.607143,0.841584,0.991207,-0.701118,-0.737827,0.784744,0.151384,-0.985271,-0.141123,-1.410287,0.630902,-1.417390,12.199262,True,False
172,1630230,Naji Marshall,DAL,74,29.510000,15.243243,4.702703,3.256757,0.837838,1.108108,0.081081,1.608108,5.662162,11.094595,0.510353,3.081081,4.054054,0.760000,0.141857,-0.203969,0.031372,-0.765152,0.411445,-1.166848,0.038252,0.557880,-0.464482,-1.419645,12.185286,True,False
173,1630590,Scotty Pippen Jr.,MEM,10,21.186667,11.400000,2.200000,4.700000,1.000000,1.900000,0.400000,2.700000,4.300000,9.600000,0.447917,1.800000,2.300000,0.782609,-0.517164,-1.358478,0.776984,-0.589396,2.693307,-0.439658,-1.342078,-0.569916,-0.079010,-1.425410,12.149570,False,True
174,1630551,Justin Champagnie,WAS,69,19.963092,8.652174,5.565217,1.217391,0.768116,0.855072,0.623188,0.652174,3.362319,6.695652,0.502165,1.159420,1.478261,0.784314,-0.988349,0.193914,-1.022210,-0.840719,-0.317686,0.069250,1.246709,0.240394,-0.041839,-1.460536,11.931933,True,False
175,1631101,Shaedon Sharpe,POR,50,29.426033,20.840000,4.340000,2.640000,2.060000,1.400000,0.120000,2.940000,7.840000,17.360000,0.451613,3.100000,3.940000,0.786802,1.101563,-0.371285,-0.287259,0.559462,1.252541,-1.078106,-1.645477,-0.917910,-0.076726,-1.463197,11.915443,True,False
176,1631106,Tari Eason,HOU,60,25.818417,10.450000,6.266667,1.500000,1.550000,1.200000,0.466667,1.350000,4.016667,9.666667,0.415517,0.866667,1.116667,0.776119,-0.680066,0.517495,-0.876208,0.006710,0.676234,-0.287647,0.364543,-1.123902,-0.064072,-1.466912,11.892427,True,False
177,1630188,Jalen Smith,CHI,53,20.667704,10.207547,6.698113,1.226415,1.547170,0.452830,0.792453,1.000000,3.679245,7.622642,0.482673,1.301887,1.754717,0.741935,-0.721641,0.716524,-1.017548,0.003642,-1.476760,0.455202,0.807000,0.012751,-0.313512,-1.534343,11.474631,True,False
178,1630286,Trevon Scott,BKN,6,30.372500,8.000000,5.166667,1.666667,1.000000,1.333333,0.833333,0.666667,3.166667,8.333333,0.380000,0.666667,1.000000,0.666667,-1.100181,0.010060,-0.790104,-0.589396,1.060439,0.548416,1.228388,-1.488671,-0.445736,-1.566785,11.273621,False,True
179,1630529,Herbert Jones,NOP,56,28.363958,8.857143,3.392857,2.767857,1.428571,1.571429,0.482143,1.303571,3.267857,8.535714,0.382845,0.892857,1.107143,0.806452,-0.953202,-0.808207,-0.221205,-0.124898,1.746518,-0.252358,0.423236,-1.482174,0.055630,-1.616660,10.964605,True,False
180,1642867,Collin Murray-Boyles,TOR,57,21.852632,8.491228,5.000000,1.859649,0.298246,0.912281,0.929825,1.035088,3.473684,6.000000,0.578947,1.245614,1.894737,0.657407,-1.015947,-0.066824,-0.690405,-1.349977,-0.152838,0.768433,0.762643,1.024488,-0.906801,-1.627230,10.899116,True,False
181,1631128,Christian Braun,DEN,44,31.798598,11.954545,4.795455,2.727273,0.977273,0.681818,0.272727,0.977273,4.590909,8.840909,0.519280,1.795455,2.295455,0.782178,-0.422073,-0.161182,-0.242172,-0.614029,-0.816924,-0.729862,0.835731,0.583158,-0.082360,-1.649712,10.759817,True,False
182,1631170,Jaime Jaquez Jr.,MIA,75,28.282800,15.360000,5.000000,4.693333,0.773333,0.680000,0.280000,2.026667,6.186667,12.200000,0.507104,2.213333,2.880000,0.768519,0.161878,-0.066824,0.773539,-0.835064,-0.822163,-0.713279,-0.490874,0.543844,-0.242919,-1.691862,10.498662,True,False
183,1629656,Quentin Grimes,PHI,75,29.409622,13.413333,3.640000,3.253333,1.693333,0.853333,0.373333,1.773333,4.533333,10.066667,0.450331,2.653333,3.160000,0.839662,-0.171927,-0.694199,0.029603,0.162058,-0.322697,-0.500463,-0.170620,-0.554935,0.531148,-1.692031,10.497612,True,False
184,1629001,De'Anthony Melton,GSW,49,22.964422,12.285714,3.224490,2.551020,1.469388,1.571429,0.408163,1.857143,4.387755,10.775510,0.407197,2.040816,2.469388,0.826446,-0.365286,-0.885875,-0.333227,-0.080660,1.746518,-0.421044,-0.276569,-1.410273,0.299269,-1.727149,10.280027,True,False
185,201566,Russell Westbrook,SAC,64,28.946406,15.171875,5.437500,6.656250,2.000000,1.296875,0.187500,3.265625,5.593750,13.109375,0.426698,1.984375,2.859375,0.693989,0.129619,0.134997,1.787626,0.494432,0.955383,-0.924195,-2.057120,-1.266751,-0.997324,-1.743333,10.179750,True,False
186,1630558,Davion Mitchell,MIA,70,28.575071,9.342857,2.671429,6.471429,1.285714,0.971429,0.157143,1.542857,3.728571,7.614286,0.489681,0.600000,0.928571,0.646154,-0.869914,-1.141005,1.692143,-0.279731,0.017598,-0.993414,0.120740,0.106446,-0.481482,-1.828619,9.651327,True,False
187,1629610,DaQuan Jeffries,SAC,3,19.967778,10.333333,1.666667,0.333333,1.333333,0.666667,0.000000,0.000000,3.666667,6.333333,0.578947,1.666667,1.666667,1.000000,-0.700071,-1.604507,-1.478934,-0.228120,-0.860583,-1.351727,2.071164,1.081404,1.228320,-1.843055,9.561883,False,True
188,1630540,Miles McBride,NYK,41,26.342317,11.975610,2.439024,2.585366,2.731707,0.853659,0.219512,0.804878,4.170732,9.853659,0.423267,0.902439,1.146341,0.787234,-0.418461,-1.248214,-0.315484,1.287478,-0.321760,-0.851201,1.053666,-1.011528,-0.020566,-1.846072,9.543192,True,False
189,1630198,Isaiah Joe,OKC,71,21.231620,11.056338,2.549296,1.323944,2.549296,0.704225,0.154930,0.633803,3.478873,7.647887,0.454880,1.549296,1.732394,0.894309,-0.576094,-1.197346,-0.967163,1.089775,-0.752357,-0.998461,1.269933,-0.360497,0.627093,-1.865116,9.425197,True,False
190,204456,T.J. McConnell,IND,56,17.187589,9.375000,2.214286,5.125000,0.285714,1.000000,0.178571,1.142857,4.321429,8.035714,0.537778,0.446429,0.517857,0.862069,-0.864402,-1.351887,0.996548,-1.363559,0.099928,-0.944553,0.626405,0.791088,0.128215,-1.882218,9.319234,True,False
191,1642846,Ace Bailey,UTA,72,27.606157,13.791667,4.194444,1.819444,1.902778,0.833333,0.680556,1.486111,5.486111,12.388889,0.442825,0.916667,1.222222,0.750000,-0.107052,-0.438431,-0.711176,0.389060,-0.380328,0.200057,0.192476,-0.846260,-0.183399,-1.885053,9.301667,True,False
192,1629130,Duncan Robinson,DET,77,27.443615,12.194805,2.662338,2.064935,2.857143,0.571429,0.285714,0.701299,4.129870,9.064935,0.455587,1.077922,1.428571,0.754545,-0.380875,-1.145199,-0.584350,1.423428,-1.135015,-0.700249,1.184607,-0.416036,-0.191323,-1.945011,8.930176,True,False
193,1641869,Malachi Smith,BKN,15,23.921333,8.266667,3.400000,3.266667,1.333333,0.800000,0.266667,0.933333,3.200000,6.600000,0.484848,0.533333,0.533333,1.000000,-1.054454,-0.804912,0.036491,-0.228120,-0.476379,-0.743681,0.891278,0.036253,0.393062,-1.950461,8.896407,False,True
194,1630533,Ziaire Williams,BKN,56,22.879762,10.232143,2.392857,1.071429,1.535714,1.357143,0.375000,1.053571,3.285714,7.732143,0.424942,2.125000,2.500000,0.850000,-0.717423,-1.269512,-1.097618,-0.008774,1.129047,-0.496662,0.739277,-0.771000,0.511911,-1.980754,8.708719,True,False
195,1629640,Keldon Johnson,SAS,82,23.310569,13.182927,5.365854,1.353659,1.207317,0.560976,0.134146,0.853659,5.048780,9.719512,0.519448,1.878049,2.365854,0.793814,-0.211436,0.101946,-0.951811,-0.364700,-1.165136,-1.045850,0.992000,0.643975,0.012794,-1.988219,8.662464,True,False
196,1630194,Paul Reed,DET,65,13.855821,7.753846,4.523077,1.230769,0.200000,0.876923,0.923077,0.892308,3.215385,5.215385,0.616519,1.123077,1.692308,0.663636,-1.142390,-0.286831,-1.015299,-1.456459,-0.254723,0.753047,0.943141,1.234643,-0.772518,-1.997388,8.605653,True,False
197,1641726,Dereck Lively II,DAL,7,16.467619,4.285714,5.285714,1.857143,0.000000,0.571429,1.571429,1.428571,1.571429,2.571429,0.611111,1.142857,1.428571,0.800000,-1.737089,0.064977,-0.691700,-1.673225,-1.135015,2.231400,0.265216,0.584315,0.039079,-2.052042,8.267024,False,True
198,203935,Marcus Smart,LAL,62,28.531909,9.338710,2.774194,2.983871,1.564516,1.403226,0.370968,1.483871,3.032258,7.677419,0.394958,1.709677,2.080645,0.821705,-0.870625,-1.093599,-0.109607,0.022443,1.261836,-0.505857,0.195308,-1.169820,0.217157,-2.052765,8.262547,True,False
199,1641778,Leaky Black,WAS,15,28.871778,7.066667,5.000000,1.466667,1.266667,1.200000,0.533333,0.933333,2.666667,6.866667,0.388350,0.466667,0.533333,0.875000,-1.260224,-0.066824,-0.893429,-0.300375,0.676234,-0.135635,0.891278,-1.125977,0.156517,-2.058436,8.227407,False,True
200,1631108,Max Christie,DAL,77,29.149091,12.272727,3.233766,1.961039,2.337662,0.610390,0.350649,1.246753,4.155844,9.415584,0.441379,1.623377,1.805195,0.899281,-0.367513,-0.881596,-0.638025,0.860400,-1.022748,-0.552186,0.495064,-0.667067,0.685290,-2.088381,8.041872,True,False
201,1643052,Chaney Johnson,BKN,17,20.446078,8.176471,4.647059,2.117647,0.529412,0.882353,0.529412,1.176471,3.000000,5.529412,0.542553,1.647059,2.058824,0.800000,-1.069920,-0.229637,-0.557118,-1.099433,-0.239076,-0.144577,0.583912,0.590724,0.056320,-2.108806,7.915319,False,True
202,1631222,Jake LaRavia,LAL,82,25.139878,8.219512,3.975610,1.768293,0.951220,1.268293,0.463415,1.060976,2.926829,6.378049,0.458891,1.414634,1.853659,0.763158,-1.062540,-0.539380,-0.737602,-0.642266,0.873022,-0.295062,0.729917,-0.255717,-0.191608,-2.121236,7.838308,True,False
203,1628989,Kevin Huerter,DET,69,22.450386,10.043478,3.478261,2.579710,1.449275,0.913043,0.478261,1.043478,3.898551,8.637681,0.451342,0.797101,1.028986,0.774648,-0.749774,-0.768810,-0.318406,-0.102459,-0.150641,-0.261210,0.752036,-0.460823,-0.064413,-2.124498,7.818094,True,False
204,1630167,Obi Toppin,IND,24,17.655208,11.625000,4.416667,2.291667,1.541667,0.500000,0.041667,1.166667,4.166667,8.291667,0.502513,1.750000,1.916667,0.913043,-0.478582,-0.335918,-0.467215,-0.002322,-1.340839,-1.256720,0.596306,0.302764,0.821204,-2.161323,7.589930,True,False
205,1630549,Day'Ron Sharpe,BKN,62,18.708306,8.709677,6.661290,2.338710,0.145161,1.080645,0.419355,1.709677,3.451613,5.741935,0.601124,1.661290,2.451613,0.677632,-0.978488,0.699537,-0.442912,-1.515895,0.332309,-0.395526,-0.090148,1.204047,-0.997391,-2.184467,7.446535,True,False
206,1641783,Tristan da Silva,ORL,77,24.668268,9.896104,3.688312,1.610390,1.558442,0.883117,0.324675,0.896104,3.623377,8.051948,0.450000,1.090909,1.233766,0.884211,-0.775046,-0.671912,-0.819178,0.015859,-0.236875,-0.611411,0.938342,-0.448554,0.402392,-2.206384,7.310739,True,False
207,1630173,Precious Achiuwa,SAC,73,23.906644,10.082192,6.739726,1.383562,0.369863,0.890411,0.684932,0.890411,4.328767,8.191781,0.528428,1.054795,1.904110,0.553957,-0.743136,0.735720,-0.936363,-1.272357,-0.215857,0.210035,0.945539,0.671945,-1.610213,-2.214687,7.259295,True,False
208,201572,Brook Lopez,LAC,75,21.803644,8.453333,3.640000,1.293333,1.520000,0.600000,1.160000,0.813333,3.093333,7.226667,0.428044,0.746667,0.986667,0.756757,-1.022445,-0.694199,-0.982977,-0.025805,-1.052686,1.293272,1.042977,-0.681228,-0.124399,-2.247488,7.056059,True,False
209,1628963,Marvin Bagley III,DAL,60,20.015056,10.450000,6.100000,1.416667,0.400000,0.466667,0.716667,1.016667,4.233333,6.850000,0.618005,1.583333,2.400000,0.659722,-0.680066,0.440611,-0.919260,-1.239693,-1.436890,0.282396,0.785931,1.639480,-1.128903,-2.256394,7.000884,True,False
210,1642844,Dylan Harper,SAS,69,22.579082,11.782609,3.391304,3.855072,0.884058,0.782609,0.347826,1.434783,4.797101,9.507246,0.504573,1.304348,1.724638,0.756303,-0.451556,-0.808923,0.340475,-0.715057,-0.526493,-0.558624,0.257364,0.381555,-0.220222,-2.301481,6.721527,True,False
211,203501,Tim Hardaway Jr.,DEN,80,26.591250,13.487500,2.575000,1.350000,2.800000,0.525000,0.125000,0.537500,4.350000,9.737500,0.446727,1.987500,2.450000,0.811224,-0.159210,-1.185488,-0.953701,1.361495,-1.268801,-1.066705,1.391676,-0.598431,0.164595,-2.314570,6.640430,True,False
212,1630695,Micah Potter,IND,47,19.325887,9.744681,4.957447,1.468085,1.510638,0.468085,0.319149,1.000000,3.212766,6.234043,0.515358,1.808511,2.148936,0.841584,-0.801011,-0.086454,-0.892696,-0.035952,-1.432803,-0.624012,0.807000,0.368269,0.375856,-2.321802,6.595617,True,False
213,1643060,Hayden Gray,UTA,1,24.750000,6.000000,0.000000,1.000000,0.000000,1.000000,1.000000,1.000000,2.000000,3.000000,0.666667,2.000000,2.000000,1.000000,-1.443131,-2.373348,-1.134519,-1.673225,0.099928,0.928445,0.807000,0.974398,1.473984,-2.340469,6.479964,False,True
214,203110,Draymond Green,GSW,68,27.483652,8.382353,5.514706,5.529412,1.485294,0.897059,0.617647,2.661765,3.014706,7.220588,0.417515,0.867647,1.235294,0.702381,-1.034617,0.170612,1.205476,-0.063421,-0.196701,0.056615,-1.293742,-0.814170,-0.394078,-2.364025,6.334013,True,False
215,1630174,Aaron Nesmith,IND,45,29.665556,13.800000,4.155556,1.911111,2.333333,0.577778,0.511111,1.400000,4.711111,11.377778,0.414062,2.044444,2.466667,0.828829,-0.105623,-0.456370,-0.663819,0.855709,-1.116720,-0.186306,0.301335,-1.351913,0.319792,-2.403916,6.086849,True,False
216,1631230,Dominick Barlow,PHI,71,23.781948,7.676056,4.788732,1.225352,0.295775,0.887324,0.746479,0.788732,3.028169,5.619718,0.538847,1.323944,1.845070,0.717557,-1.155729,-0.164283,-1.018097,-1.352656,-0.224752,0.350373,1.074077,0.563795,-0.489251,-2.416523,6.008739,True,False
217,1642914,Javon Small,MEM,41,20.241667,9.658537,3.121951,3.682927,1.463415,0.829268,0.219512,1.365854,3.268293,7.024390,0.465278,1.658537,2.000000,0.829268,-0.815782,-0.933177,0.251541,-0.087134,-0.392041,-0.851201,0.344501,-0.202843,0.262409,-2.423728,5.964096,True,False
218,1629048,Goga Bitadze,ORL,64,15.187604,5.859375,5.000000,1.312500,0.031250,0.578125,0.953125,0.671875,2.375000,3.515625,0.675556,1.078125,1.515625,0.711340,-1.467245,-0.066824,-0.973075,-1.639355,-1.115719,0.821562,1.221804,1.196753,-0.435327,-2.457426,5.755309,True,False
219,1642396,Blake Hinson,UTA,14,20.388095,11.928571,2.357143,1.142857,2.642857,0.357143,0.142857,0.357143,4.214286,8.214286,0.513043,0.857143,1.142857,0.750000,-0.426527,-1.285987,-1.060716,1.191179,-1.752487,-1.025988,1.619677,0.451855,-0.171490,-2.460484,5.736363,False,True
220,1631223,David Roddy,DEN,5,14.603333,8.000000,4.000000,0.800000,0.600000,0.800000,0.200000,0.400000,3.000000,6.000000,0.500000,1.400000,1.400000,1.000000,-1.100181,-0.528129,-1.237844,-1.022927,-0.476379,-0.895693,1.565498,0.192610,1.031789,-2.471255,5.669626,False,True
221,1642847,Jeremiah Fears,NOP,82,25.754919,14.256098,3.658537,3.402439,1.231707,1.182927,0.365854,2.170732,5.329268,12.268293,0.434394,2.365854,3.000000,0.788618,-0.027414,-0.685648,0.106635,-0.338265,0.627037,-0.517518,-0.672996,-1.019682,-0.039092,-2.566942,5.076756,True,False
222,1631119,Jaylin Williams,OKC,65,19.651923,7.215385,5.507692,2.430769,1.507692,0.476923,0.646154,1.030769,2.292308,5.415385,0.423295,1.123077,1.415385,0.793478,-1.234723,0.167377,-0.395352,-0.039145,-1.407336,0.121615,0.768103,-0.555649,0.005966,-2.569144,5.063114,True,False
223,203083,Andre Drummond,PHI,63,19.535688,6.396825,8.444444,1.269841,0.507937,0.603175,0.777778,0.968254,2.523810,5.349206,0.471810,0.841270,1.333333,0.630952,-1.375086,1.522115,-0.995113,-1.122709,-1.043538,0.421740,0.847132,-0.093103,-0.763276,-2.601837,4.860555,True,False
224,1629750,Javonte Green,DET,82,17.633679,6.939024,2.804878,0.682927,1.146341,1.243902,0.304878,0.548780,2.256098,5.048780,0.446860,1.280488,1.524390,0.840000,-1.282112,-1.079444,-1.298326,-0.430787,0.802741,-0.656553,1.377415,-0.309097,0.258053,-2.618111,4.759723,True,False
225,1630573,Sam Hauser,BOS,78,24.796795,9.217949,3.846154,1.461538,2.538462,0.487179,0.294872,0.448718,3.230769,7.705128,0.419301,0.217949,0.256410,0.850000,-0.891332,-0.599099,-0.896078,1.078032,-1.377782,-0.679369,1.503911,-0.844639,0.052504,-2.653852,4.538273,True,False
226,1629622,Max Strus,CLE,12,24.024583,11.166667,5.416667,2.000000,2.750000,0.250000,0.000000,0.750000,3.916667,8.833333,0.443396,0.583333,0.750000,0.777778,-0.557175,0.125386,-0.617897,1.307304,-2.061222,-1.351727,1.123041,-0.594528,-0.038620,-2.665438,4.466490,False,True
227,1629014,Anfernee Simons,CHI,55,24.944242,14.272727,2.454545,2.436364,2.654545,0.490909,0.145455,1.236364,5.181818,11.781818,0.439815,1.254545,1.400000,0.896104,-0.024562,-1.241054,-0.392462,1.203847,-1.367035,-1.020066,0.508198,-0.867079,0.515689,-2.684523,4.348241,True,False
228,1641729,Brice Sensabaugh,UTA,75,23.491556,14.880000,3.080000,1.906667,2.160000,0.720000,0.160000,1.653333,5.253333,11.426667,0.459743,2.213333,2.680000,0.825871,0.079570,-0.952529,-0.666115,0.667845,-0.706902,-0.986899,-0.018920,-0.441030,0.319319,-2.705661,4.217273,True,False
229,1642268,Isaiah Collier,UTA,59,25.710508,11.661017,2.542373,7.169492,0.457627,1.118644,0.338983,2.508475,4.322034,8.728814,0.495146,2.559322,3.542373,0.722488,-0.472406,-1.200539,2.052778,-1.177235,0.441804,-0.578787,-1.099958,0.205795,-0.877345,-2.705894,4.215831,True,False
230,1629111,Jock Landale,ATL,68,22.148186,10.558824,5.691176,1.691176,1.088235,0.514706,0.529412,0.882353,4.147059,8.058824,0.514599,1.176471,1.852941,0.634921,-0.661405,0.252019,-0.777442,-0.493764,-1.298463,-0.144577,0.955725,0.465312,-1.034639,-2.737235,4.021641,True,False
231,1629060,Rui Hachimura,LAL,68,28.331838,11.470588,3.323529,0.838235,1.705882,0.573529,0.308824,0.617647,4.514706,8.779412,0.514238,0.735294,1.058824,0.694444,-0.505060,-0.840188,-1.218091,0.175659,-1.128962,-0.647556,1.290357,0.501357,-0.367597,-2.740081,4.004012,True,False
232,1630696,Dru Smith,MIA,70,16.304405,5.642857,2.471429,2.571429,0.542857,1.428571,0.300000,0.785714,1.928571,4.642857,0.415385,1.242857,1.500000,0.828571,-1.504373,-1.233266,-0.322684,-1.084861,1.334870,-0.667675,1.077892,-0.540886,0.193098,-2.747885,3.955658,True,False
233,1641815,Isaiah Stevens,SAC,3,14.261111,3.333333,1.000000,3.333333,0.000000,1.666667,0.000000,0.666667,1.000000,2.333333,0.428571,1.333333,1.333333,1.000000,-1.900399,-1.912043,0.070933,-1.673225,2.020950,-1.351727,1.228388,-0.217794,0.982656,-2.752261,3.928544,False,True
234,1628379,Luke Kennard,LAL,78,21.544573,8.358974,2.333333,2.230769,1.500000,0.705128,0.102564,0.769231,3.025641,5.679487,0.532731,0.807692,0.884615,0.913043,-1.038625,-1.296970,-0.498676,-0.047482,-0.749755,-1.117863,1.098730,0.508792,0.379017,-2.762833,3.863039,True,False
235,1641730,Noah Clowney,BKN,66,26.970657,12.257576,4.136364,1.636364,1.954545,0.757576,0.681818,1.545455,3.787879,9.560606,0.396197,2.727273,3.393939,0.803571,-0.370111,-0.465224,-0.805760,0.445167,-0.598626,0.202936,0.117456,-1.435969,0.135850,-2.774280,3.792117,True,False
236,203937,Kyle Anderson,MIN,43,19.842713,6.186047,3.488372,2.930233,0.093023,1.046512,0.604651,0.906977,2.488372,4.697674,0.529703,1.116279,1.581395,0.705882,-1.411229,-0.764145,-0.137318,-1.572403,0.233952,0.026982,0.924597,0.395853,-0.484842,-2.788555,3.703672,True,False
237,1642856,Egor Dëmin,BKN,52,25.157853,10.307692,3.173077,3.326923,2.384615,0.807692,0.326923,1.653846,3.442308,8.634615,0.398664,1.038462,1.250000,0.830769,-0.704468,-0.909592,0.067621,0.911289,-0.454213,-0.606286,-0.019568,-1.259476,0.170663,-2.804032,3.607778,True,False
238,1631169,Josh Minott,BKN,49,17.014932,7.428571,3.224490,0.938776,1.306122,0.897959,0.489796,0.877551,2.571429,5.142857,0.500000,0.979592,1.244898,0.786885,-1.198167,-0.885875,-1.166149,-0.257612,-0.194106,-0.234908,0.961796,0.165095,-0.023875,-2.833802,3.423321,True,False
239,1641713,GG Jackson,MEM,55,21.413909,12.472727,4.272727,1.472727,1.163636,0.563636,0.800000,1.545455,4.636364,9.345455,0.496109,2.036364,2.745455,0.741722,-0.333218,-0.402318,-0.890298,-0.412042,-1.157469,0.472411,0.117456,0.236144,-0.492607,-2.861941,3.248975,True,False
240,1626166,Cameron Payne,PHI,22,17.015303,7.409091,2.000000,2.636364,1.454545,1.090909,0.318182,0.500000,2.545455,6.772727,0.375839,0.863636,1.000000,0.863636,-1.201507,-1.450738,-0.289137,-0.096747,0.361885,-0.626218,1.439082,-1.259376,0.253149,-2.869608,3.201476,True,False
241,1631165,Keon Ellis,CLE,72,20.536644,6.666667,1.875000,1.000000,1.263889,1.152778,0.638889,0.569444,2.347222,5.333333,0.440104,0.708333,0.972222,0.728571,-1.328814,-1.508402,-1.134519,-0.303386,0.540162,0.105050,1.351293,-0.389795,-0.219806,-2.888218,3.086168,True,False
242,1627780,Gary Payton II,GSW,73,15.647671,7.493151,3.630137,1.684932,0.506849,0.917808,0.287671,0.849315,3.315068,5.684932,0.583133,0.356164,0.547945,0.650000,-1.187093,-0.698748,-0.780668,-1.123887,-0.136911,-0.695787,0.997490,1.012474,-0.276642,-2.889772,3.076539,True,False
243,1631338,Mouhamadou Gueye,CHI,2,22.720834,8.000000,3.000000,3.000000,0.500000,1.000000,0.500000,1.500000,3.000000,5.500000,0.545455,1.500000,2.000000,0.750000,-1.100181,-0.989434,-0.101274,-1.131310,0.099928,-0.211641,0.174918,0.615606,-0.300108,-2.943496,2.743670,False,True
244,1630224,Jalen Green,PHX,32,25.885156,17.750000,3.625000,2.843750,2.218750,1.062500,0.250000,2.250000,6.750000,16.000000,0.421875,2.031250,2.718750,0.747126,0.571704,-0.701118,-0.181997,0.731520,0.280023,-0.781684,-0.773204,-1.681604,-0.435679,-2.972040,2.566819,True,False
245,1631174,Tyler Burton,MEM,12,25.561944,10.750000,4.166667,1.000000,1.833333,0.916667,0.333333,0.916667,3.500000,9.333333,0.375000,1.916667,2.250000,0.851852,-0.628623,-0.451245,-1.134519,0.313794,-0.140200,-0.591670,0.912347,-1.749267,0.475504,-2.993879,2.431505,False,True
246,1641796,Pelle Larsson,MIA,70,26.416333,11.428571,3.485714,3.371429,0.885714,0.700000,0.228571,1.442857,3.957143,7.985714,0.495528,2.628571,3.300000,0.796537,-0.512265,-0.765371,0.090614,-0.713262,-0.764532,-0.830545,0.247156,0.193634,0.049722,-3.004850,2.363530,True,False
247,1628370,Malik Monk,SAC,62,21.994247,12.451613,1.887097,2.983871,2.000000,0.596774,0.387097,1.467742,4.467742,10.193548,0.438291,1.516129,1.725806,0.878505,-0.336839,-1.502821,-0.109607,0.494432,-1.061981,-0.469080,0.215698,-0.777467,0.527932,-3.019733,2.271316,True,False
248,1628398,Kyle Kuzma,MIL,69,26.170169,12.985507,4.536232,2.666667,1.202899,0.666667,0.405797,1.724638,4.913043,9.985507,0.492017,1.956522,2.695652,0.725806,-0.245289,-0.280762,-0.273482,-0.369489,-0.860583,-0.426440,-0.109060,0.180566,-0.635897,-3.020436,2.266957,True,False
249,1643133,Lawson Lovering,MEM,2,24.632500,7.000000,7.500000,1.500000,0.000000,1.500000,0.500000,1.000000,3.000000,5.000000,0.600000,1.000000,2.500000,0.400000,-1.271656,1.086438,-0.876208,-1.673225,1.540694,-0.211641,0.807000,1.038601,-3.479796,-3.039792,2.147030,False,True
250,1629632,Coby White,CHA,50,24.995767,17.360000,3.400000,4.000000,2.300000,0.500000,0.100000,2.560000,5.560000,12.460000,0.446228,3.940000,4.820000,0.817427,0.504829,-0.804912,0.415348,0.819581,-1.340839,-1.123710,-1.165095,-0.776657,0.429900,-3.041555,2.136109,True,False
251,1627936,Alex Caruso,OKC,56,18.220476,6.214286,2.767857,1.964286,0.946429,1.285714,0.303571,0.857143,2.267857,5.357143,0.423333,0.732143,0.910714,0.803922,-1.406387,-1.096522,-0.636348,-0.647458,0.923223,-0.659532,0.987595,-0.549317,0.037585,-3.047161,2.101372,True,False
252,1641765,Olivier-Maxence Prosper,MEM,53,18.558333,10.000000,3.528302,0.962264,1.132075,0.754717,0.245283,0.886792,3.622642,6.603774,0.548571,1.622642,2.150943,0.754386,-0.757230,-0.745725,-1.154014,-0.446249,-0.606864,-0.792439,0.950113,0.775297,-0.289284,-3.066396,1.982198,True,False
253,1629731,Dean Wade,CLE,59,22.333616,5.796610,4.186441,1.491525,1.203390,0.745763,0.389831,0.271186,2.067797,4.711864,0.438849,0.457627,0.644068,0.710526,-1.478008,-0.442123,-0.880586,-0.368956,-0.632666,-0.462846,1.728340,-0.354761,-0.186853,-3.078459,1.907454,True,False
254,1630703,Scoot Henderson,POR,30,24.927667,14.233333,2.666667,3.733333,1.900000,0.900000,0.300000,2.433333,4.766667,11.400000,0.418129,2.800000,3.333333,0.840000,-0.031317,-1.143202,0.277582,0.386050,-0.188226,-0.667675,-1.004968,-1.273147,0.564275,-3.080628,1.894015,True,False
255,1642258,Zaccharie Risacher,ATL,67,22.436617,9.567164,3.835821,1.134328,1.417910,0.880597,0.537313,0.865672,3.641791,8.000000,0.455224,0.865672,1.343284,0.644444,-0.831451,-0.603865,-1.065122,-0.136453,-0.244136,-0.126560,0.976813,-0.372268,-0.704666,-3.107708,1.726235,True,False
256,1631342,Daeqwon Plowden,SAC,32,26.386510,10.750000,3.031250,1.281250,1.937500,0.718750,0.218750,0.812500,3.750000,8.718750,0.430108,1.312500,1.531250,0.857143,-0.628623,-0.975018,-0.989219,0.426693,-0.710504,-0.852939,1.044031,-0.790289,0.352354,-3.123514,1.628296,True,False
257,1631260,AJ Green,MIL,78,29.101709,10.371795,2.730769,1.948718,2.974359,0.500000,0.102564,0.961538,3.358974,7.923077,0.423948,0.679487,0.794872,0.854839,-0.693476,-1.113631,-0.644390,1.550470,-1.340839,-1.117863,0.855622,-0.803870,0.176408,-3.131569,1.578390,True,False
258,1642266,Ja'Kobe Walter,TOR,72,20.466319,7.513889,2.569444,1.194444,1.527778,1.013889,0.194444,0.513889,2.500000,5.611111,0.445545,0.986111,1.250000,0.788889,-1.183537,-1.188051,-1.034065,-0.017376,0.139949,-0.908360,1.421524,-0.356486,-0.015086,-3.141488,1.516936,True,False
259,1642364,Jamir Watkins,WAS,50,20.643533,7.360000,3.880000,1.340000,0.940000,1.080000,0.500000,0.800000,2.640000,5.920000,0.445946,1.140000,1.640000,0.695122,-1.209925,-0.583485,-0.958868,-0.654426,0.330450,-0.211641,1.059833,-0.371937,-0.565425,-3.165424,1.368629,True,False
260,1630611,Gui Santos,GSW,68,20.520049,9.191176,3.911765,2.338235,1.147059,0.897059,0.323529,1.500000,3.382353,6.764706,0.500000,1.279412,1.764706,0.725000,-0.895923,-0.568832,-0.443157,-0.430010,-0.196701,-0.614024,0.174918,0.217159,-0.421339,-3.177909,1.291276,True,False
261,1627752,Taurean Prince,MIL,26,23.511667,9.192308,3.115385,1.769231,2.346154,0.615385,0.230769,1.192308,3.307692,7.346154,0.450262,0.230769,0.230769,1.000000,-0.895729,-0.936206,-0.737117,0.869604,-1.008354,-0.825533,0.563892,-0.405859,0.170075,-3.205229,1.122002,True,False
262,203084,Harrison Barnes,SAS,77,25.798377,9.935065,2.766234,1.922078,1.805195,0.649351,0.155844,0.792208,3.402597,7.467532,0.455652,1.324675,1.597403,0.829268,-0.768365,-1.097271,-0.658153,0.283297,-0.910480,-0.996375,1.069683,-0.341873,0.209586,-3.209951,1.092745,True,False
263,1630314,Brandon Williams,DAL,66,22.161288,13.015152,2.893939,3.878788,0.545455,0.939394,0.303030,1.893939,4.409091,9.348485,0.471637,3.651515,4.606061,0.792763,-0.240206,-1.038360,0.352727,-1.082045,-0.074711,-0.660766,-0.323086,-0.165553,0.007727,-3.224272,1.004015,True,False
264,1642377,Jaylen Wells,MEM,69,26.386111,12.536232,3.188406,1.608696,1.869565,0.884058,0.130435,1.072464,4.362319,10.115942,0.431232,1.942029,2.478261,0.783626,-0.322329,-0.902521,-0.820053,0.353063,-0.234163,-1.054313,0.715394,-0.896955,-0.076191,-3.238068,0.918534,True,False
265,1641716,Jarace Walker,IND,76,25.702412,11.631579,5.144737,2.526316,1.750000,0.828947,0.342105,1.828947,4.039474,9.644737,0.418827,1.802632,2.407895,0.748634,-0.477454,-0.000056,-0.345990,0.223475,-0.392966,-0.571668,-0.240925,-1.065296,-0.372986,-3.243867,0.882608,True,False
266,1631113,Kennedy Chandler,UTA,11,32.293333,15.000000,3.363636,6.727273,1.363636,1.000000,0.181818,2.090909,5.545455,12.454545,0.445255,2.545455,3.909091,0.651163,0.100147,-0.821686,1.824318,-0.195277,0.099928,-0.937150,-0.572087,-0.797587,-1.957464,-3.256859,0.802108,False,True
267,1629637,Jaxson Hayes,LAL,66,18.281490,7.530303,4.106061,0.893939,0.045455,0.439394,0.787879,0.469697,3.000000,3.969697,0.755725,1.484848,2.272727,0.653333,-1.180722,-0.479203,-1.189313,-1.623960,-1.515477,0.444772,1.477390,1.910229,-1.120557,-3.276841,0.678303,True,False
268,1642967,John Poulakidas,DAL,13,19.495000,8.846154,2.307692,0.846154,2.384615,0.538462,0.307692,0.307692,3.000000,7.000000,0.428571,0.461538,0.538462,0.857143,-0.955086,-1.308799,-1.214000,0.911289,-1.230011,-0.650136,1.682190,-0.653381,0.123905,-3.294027,0.571819,False,True
269,1628971,Bruce Brown,DEN,82,24.363272,7.914634,3.878049,2.121951,0.695122,1.036585,0.243902,1.109756,3.024390,6.365854,0.475096,1.170732,1.536585,0.761905,-1.114819,-0.584386,-0.554894,-0.919832,0.205350,-0.795587,0.668250,-0.074065,-0.165665,-3.335647,0.313944,True,False
270,1630171,Isaac Okoro,CHI,63,26.903016,9.269841,2.746032,1.587302,1.158730,0.730159,0.460317,0.730159,3.349206,7.285714,0.459695,1.412698,1.777778,0.794643,-0.882434,-1.106590,-0.831106,-0.417360,-0.677629,-0.302124,1.148124,-0.281821,0.014839,-3.336102,0.311127,True,False
271,1631255,Karlo Matković,NOP,62,14.705753,5.677419,3.693548,0.806452,0.612903,0.403226,0.870968,0.548387,2.290323,3.790323,0.604255,0.483871,0.661290,0.731707,-1.498446,-0.669496,-1.234511,-1.008943,-1.619697,0.634229,1.377913,0.815652,-0.142151,-3.345449,0.253212,True,False
272,1642274,Yves Missi,NOP,66,19.652071,5.712121,5.833333,1.272727,0.000000,0.303030,1.530303,0.818182,2.424242,4.454545,0.544218,0.863636,1.545455,0.558824,-1.492496,0.317597,-0.993622,-1.673225,-1.908414,2.137627,1.036848,0.488914,-1.280229,-3.366999,0.119692,True,False
273,1630543,Isaiah Jackson,LAC,55,16.514758,6.727273,5.272727,0.945455,0.000000,0.654545,0.890909,1.054545,2.745455,4.309091,0.637131,1.236364,1.909091,0.647619,-1.318422,0.058986,-1.162699,-1.673225,-0.895511,0.679699,0.738046,1.176075,-0.979975,-3.377026,0.057569,True,False
274,1642345,Oso Ighodaro,PHX,82,22.053293,6.475610,5.097561,2.256098,0.000000,0.890244,0.695122,1.231707,2.914634,4.463415,0.653005,0.646341,1.426829,0.452991,-1.361576,-0.021819,-0.485591,-1.673225,-0.216338,0.233271,0.514084,1.342630,-1.717753,-3.386317,0.000000,False,False
275,1629652,Luguentz Dort,OKC,69,26.793357,8.347826,3.550725,1.231884,1.855072,0.898551,0.391304,0.782609,2.927536,7.594203,0.385496,0.637681,0.840580,0.758621,-1.040537,-0.735382,-1.014723,0.337356,-0.192402,-0.459486,1.081818,-1.283331,-0.100421,-3.407107,-0.128812,False,False
276,1630249,Vít Krejčí,POR,65,21.416923,8.461538,2.276923,1.538462,1.969231,0.723077,0.276923,0.630769,2.953846,6.600000,0.447552,0.584615,0.784615,0.745098,-1.021038,-1.322993,-0.856338,0.461084,-0.698035,-0.720295,1.273768,-0.396039,-0.131382,-3.411267,-0.154590,False,False
277,1642954,Will Richard,GSW,69,19.953696,6.391304,2.492754,1.347826,1.028986,1.159420,0.130435,0.768116,2.347826,5.014493,0.468208,0.666667,0.782609,0.851852,-1.376032,-1.223429,-0.954825,-0.557981,0.559302,-1.054313,1.100139,-0.118998,0.165393,-3.460743,-0.461134,False,False
278,1629631,De'Andre Hunter,SAC,45,26.121926,13.666667,4.111111,2.000000,1.666667,0.666667,0.133333,1.666667,4.622222,11.133333,0.415170,2.755556,3.177778,0.867133,-0.128487,-0.476873,-0.617897,0.133156,-0.860583,-1.047704,-0.035776,-1.301221,0.843875,-3.491509,-0.651758,False,False
279,1641842,Ronald Holland II,DET,78,19.877543,8.205128,4.038462,1.217949,0.641026,1.179487,0.346154,1.230769,3.012821,6.974359,0.431985,1.538462,1.910256,0.805369,-1.065006,-0.510386,-1.021922,-0.978463,0.617126,-0.562437,0.515270,-0.609173,0.088647,-3.526345,-0.867595,False,False
280,1641854,Craig Porter Jr.,CLE,64,17.932214,4.515625,3.437500,3.203125,0.515625,0.890625,0.593750,0.921875,1.812500,4.031250,0.449612,0.375000,0.625000,0.600000,-1.697665,-0.787613,0.003664,-1.114376,-0.215240,0.002125,0.905763,-0.227315,-0.426426,-3.557082,-1.058043,False,False
281,1628380,Zach Collins,CHI,10,18.373667,9.700000,5.600000,1.500000,0.900000,0.200000,0.400000,1.000000,3.700000,6.400000,0.578125,1.400000,2.000000,0.700000,-0.808672,0.209959,-0.876208,-0.697779,-2.205299,-0.439658,0.807000,1.083544,-0.654926,-3.582040,-1.212679,False,True
282,1641757,Jordan Miller,LAC,60,22.079667,9.966667,3.033333,2.266667,0.633333,0.750000,0.183333,1.050000,3.533333,6.650000,0.531328,2.266667,2.916667,0.777143,-0.762946,-0.974057,-0.480131,-0.986800,-0.620456,-0.933695,0.743792,0.579348,-0.156759,-3.591704,-1.272553,False,False
283,1630598,Aaron Wiggins,OKC,65,21.753538,9.400000,3.061538,1.676923,1.476923,0.923077,0.430769,1.246154,3.553846,8.246154,0.430970,0.815385,1.107692,0.736111,-0.860115,-0.961046,-0.784806,-0.072493,-0.121729,-0.369499,0.495821,-0.734959,-0.220801,-3.629626,-1.507519,False,False
284,1641803,Tristen Newton,HOU,1,12.000000,12.000000,3.000000,0.000000,2.000000,1.000000,0.000000,0.000000,4.000000,9.000000,0.444444,2.000000,3.000000,0.666667,-0.414279,-0.989434,-1.651142,0.494432,0.099928,-1.351727,2.071164,-0.589177,-1.337208,-3.667443,-1.741827,False,True
285,1629004,Svi Mykhailiuk,UTA,50,23.112233,9.380000,2.480000,1.860000,1.960000,0.520000,0.060000,0.840000,3.460000,7.240000,0.477901,0.500000,0.560000,0.892857,-0.863545,-1.229312,-0.690224,0.451079,-1.283208,-1.214917,1.009266,-0.048573,0.199825,-3.669609,-1.755246,False,False
286,1630568,Luka Garza,BOS,69,16.201570,8.072464,4.072464,0.956522,0.797101,0.391304,0.405797,0.666667,2.985507,5.173913,0.577031,1.304348,1.695652,0.769231,-1.087755,-0.494701,-1.156981,-0.809303,-1.654049,-0.426440,1.228388,0.866021,-0.138738,-3.673558,-1.779716,False,False
287,1630631,Jose Alvarado,NYK,69,19.858502,7.391304,2.478261,3.391304,1.463768,0.956522,0.115942,1.115942,2.710145,6.507246,0.416481,0.507246,0.666667,0.760870,-1.204557,-1.230114,0.100882,-0.086751,-0.025356,-1.087359,0.660430,-0.745555,-0.074325,-3.692705,-1.898346,False,False
288,1641775,Jordan Walsh,BOS,68,17.823088,5.352941,4.000000,0.794118,0.705882,0.720588,0.455882,0.514706,2.000000,3.926471,0.509363,0.647059,0.838235,0.771930,-1.554086,-0.528129,-1.240883,-0.908169,-0.705207,-0.312237,1.420491,0.190612,-0.060557,-3.698164,-1.932167,False,False
289,1641707,Taylor Hendricks,MEM,59,18.957034,7.423729,3.745763,0.932203,1.067797,0.847458,0.508475,0.847458,2.762712,6.016949,0.459155,0.830508,1.220339,0.680556,-1.198997,-0.645410,-1.169545,-0.515916,-0.339628,-0.192317,0.999839,-0.238451,-0.483810,-3.784235,-2.465459,False,False
290,1628366,Lonzo Ball,CLE,35,20.792667,4.571429,4.000000,3.885714,1.142857,1.285714,0.257143,1.485714,1.514286,5.028571,0.301136,0.400000,0.600000,0.666667,-1.688096,-0.528129,0.356305,-0.434563,0.923223,-0.765397,0.192978,-1.594760,-0.267442,-3.805881,-2.599573,False,False
291,1629684,Grant Williams,CHA,36,19.762593,7.000000,3.944444,1.555556,1.444444,0.472222,0.500000,0.861111,2.166667,5.083333,0.426230,1.222222,1.500000,0.814815,-1.271656,-0.553757,-0.847507,-0.107695,-1.420882,-0.211641,0.982578,-0.495386,0.119881,-3.806063,-2.600700,False,False
292,203471,Dennis Schröder,CLE,70,24.232833,10.800000,2.714286,4.871429,1.071429,0.785714,0.157143,1.771429,3.642857,8.985714,0.405405,2.442857,2.928571,0.834146,-0.620050,-1.121235,0.865547,-0.511980,-0.517544,-0.993414,-0.168212,-1.204301,0.434930,-3.836257,-2.787781,False,False
293,201567,Kevin Love,UTA,37,16.562162,6.702703,5.810811,1.810811,1.432432,0.378378,0.243243,0.810811,2.135135,5.378378,0.396985,1.000000,1.189189,0.840909,-1.322635,0.307207,-0.715636,-0.120714,-1.691296,-0.797090,1.046166,-0.800367,0.205145,-3.889220,-3.115930,False,False
294,1642874,Danny Wolf,BKN,57,20.827398,8.912281,4.929825,2.228070,1.192982,0.526316,0.561404,1.280702,3.122807,7.719298,0.404545,1.473684,1.912281,0.770642,-0.943747,-0.099196,-0.500071,-0.380236,-1.265009,-0.071630,0.452147,-1.046229,-0.146885,-4.000857,-3.807621,False,False
295,1642461,Spencer Jones,DEN,64,22.137344,5.500000,3.265625,0.796875,0.890625,0.812500,0.453125,0.484375,2.062500,4.093750,0.503817,0.484375,0.796875,0.607843,-1.528869,-0.866900,-1.239458,-0.707940,-0.440360,-0.318524,1.458834,0.158857,-0.521517,-4.005876,-3.838723,False,False
296,1629673,Jordan Poole,NOP,39,23.929145,13.435897,1.974359,3.051282,2.461538,0.564103,0.384615,1.769231,4.230769,11.384615,0.371622,2.512821,2.923077,0.859649,-0.168058,-1.462567,-0.074781,0.994661,-1.156125,-0.474738,-0.165433,-2.201267,0.698619,-4.009689,-3.862347,False,False
297,203484,Kentavious Caldwell-Pope,MEM,51,21.324673,8.392157,2.450980,2.725490,1.078431,0.843137,0.156863,1.196078,2.941176,7.176471,0.409836,1.431373,1.568627,0.912500,-1.032935,-1.242699,-0.243092,-0.504390,-0.352078,-0.994053,0.559125,-0.905978,0.669060,-4.047040,-4.093770,False,False
298,1629646,Charles Bassey,GSW,13,11.746410,5.846154,4.384615,0.538462,0.000000,0.307692,0.846154,0.461538,2.384615,3.615385,0.659574,1.076923,1.538462,0.700000,-1.469512,-0.350704,-1.372960,-1.673225,-1.894980,0.577649,1.487703,1.129244,-0.503790,-4.070574,-4.239580,False,True
299,1642366,Quinten Post,GSW,67,17.301468,7.656716,4.014925,1.402985,1.388060,0.388060,0.522388,0.835821,2.880597,6.552239,0.439636,0.507463,0.641791,0.790698,-1.159045,-0.521244,-0.926328,-0.168806,-1.663399,-0.160592,1.014549,-0.484273,-0.003627,-4.072764,-4.253152,False,False
300,1642267,Bub Carrington,WAS,82,27.690854,10.707317,3.365854,4.646341,2.060976,0.634146,0.207317,2.329268,3.829268,9.036585,0.423752,0.987805,1.353659,0.729730,-0.635942,-0.820664,0.749262,0.560519,-0.954292,-0.879008,-0.873412,-0.919965,-0.300481,-4.073982,-4.260698,False,False
301,201599,DeAndre Jordan,NOP,12,16.566667,4.416667,6.333333,0.916667,0.000000,0.333333,0.833333,0.750000,1.750000,2.666667,0.656250,0.916667,1.416667,0.647059,-1.714634,0.548249,-1.177571,-1.673225,-1.821094,0.548416,1.123041,0.817349,-0.730020,-4.079489,-4.294820,False,True
302,1630538,Bones Hyland,MIN,71,16.576315,8.507042,1.788732,2.647887,1.633803,0.619718,0.239437,0.985915,2.985915,6.591549,0.452991,0.901408,1.154930,0.780488,-1.013235,-1.548197,-0.283184,0.097537,-0.995867,-0.805770,0.824805,-0.332570,-0.048366,-4.104847,-4.451931,False,False
303,202691,Klay Thompson,DAL,69,21.693188,11.739130,2.072464,1.391304,2.927536,0.478261,0.318841,0.913043,4.144928,10.550725,0.392857,0.521739,0.681159,0.765957,-0.459012,-1.417311,-0.932363,1.499723,-1.403481,-0.624716,0.916927,-1.646557,-0.063643,-4.130432,-4.610457,False,False
304,1641737,Adem Bona,PHI,71,17.382559,4.845070,4.323944,0.450704,0.028169,0.422535,1.154930,0.788732,1.845070,3.098592,0.595455,1.126761,1.591549,0.707965,-1.641173,-0.378692,-1.418298,-1.642694,-1.564056,1.281711,1.074077,0.618905,-0.476197,-4.146417,-4.709499,False,False
305,1642450,Daniss Jenkins,DET,72,20.212500,9.319444,2.305556,3.861111,1.013889,0.888889,0.208333,1.597222,3.222222,7.888889,0.408451,1.861111,2.236111,0.832298,-0.873928,-1.309784,0.343595,-0.574343,-0.220243,-0.876691,0.052014,-1.015109,0.317427,-4.157063,-4.775461,False,False
306,1642848,Tre Johnson,WAS,60,24.046944,12.216667,2.833333,2.033333,1.916667,0.550000,0.300000,1.550000,4.516667,10.783333,0.418856,1.266667,1.450000,0.873563,-0.377126,-1.066318,-0.600676,0.404113,-1.196762,-0.667675,0.111710,-1.190499,0.418138,-4.165095,-4.825224,False,False
307,1641727,Dariq Whitehead,MEM,6,30.469444,16.333333,4.000000,1.500000,3.166667,0.666667,0.000000,1.666667,6.166667,15.500000,0.397849,0.833333,1.166667,0.714286,0.328781,-0.528129,-0.876208,1.758899,-0.860583,-1.351727,-0.035776,-2.283051,-0.322904,-4.170698,-4.859937,False,True
308,1631131,Oscar Tshiebwe,UTA,27,16.608148,7.814815,6.629630,1.185185,0.000000,0.592593,0.185185,0.777778,3.407407,5.370370,0.634483,1.000000,1.814815,0.551020,-1.131935,0.684932,-1.038848,-1.673225,-1.074030,-0.929473,1.087925,1.440754,-1.553609,-4.187509,-4.964098,False,False
309,203500,Steven Adams,HOU,32,22.823906,5.843750,8.625000,1.500000,0.000000,0.687500,0.625000,1.093750,2.187500,4.343750,0.503597,1.468750,2.531250,0.580247,-1.469924,1.605406,-0.876208,-1.673225,-0.800551,0.073381,0.688485,0.166882,-1.904435,-4.190190,-4.980708,False,False
310,1642346,Ryan Dunn,PHX,70,19.360643,5.814286,4.242857,1.457143,0.800000,0.857143,0.414286,0.800000,2.342857,5.171429,0.453039,0.328571,0.671429,0.489362,-1.474977,-0.416098,-0.898349,-0.806162,-0.311720,-0.407084,1.059833,-0.260490,-0.721683,-4.236730,-5.269067,False,False
311,202685,Jonas Valanciunas,DEN,65,13.401000,8.723077,5.061538,1.200000,0.123077,0.215385,0.569231,1.123077,3.492308,6.000000,0.582051,1.615385,2.092308,0.772059,-0.976191,-0.038436,-1.031195,-1.539830,-2.160968,-0.053783,0.651411,1.057194,-0.150197,-4.241994,-5.301684,False,False
312,1627746,Skal Labissiere,WAS,3,12.516667,4.333333,3.000000,1.000000,0.333333,0.666667,0.333333,0.333333,2.000000,3.333333,0.600000,0.000000,0.000000,,-1.728924,-0.989434,-1.134519,-1.311948,-0.860583,-0.591670,1.649776,0.692401,0.000000,-4.274901,-5.505573,False,True
313,1631200,Kris Murray,POR,57,23.389649,5.807018,3.614035,1.421053,0.596491,0.894737,0.385965,0.824561,2.263158,4.842105,0.467391,0.684211,1.000000,0.684211,-1.476223,-0.706176,-0.916994,-1.026730,-0.203392,-0.471661,1.028783,-0.121853,-0.383487,-4.277733,-5.523115,False,False
314,1629611,Terance Mann,BKN,63,24.270106,7.222222,3.174603,3.015873,0.888889,0.650794,0.238095,1.126984,2.666667,5.841270,0.456522,1.000000,1.269841,0.787500,-1.233550,-0.908888,-0.093074,-0.709821,-0.906322,-0.808829,0.646471,-0.258501,-0.021584,-4.294098,-5.624513,False,False
315,1642347,Jamal Shead,TOR,82,22.588272,6.646341,1.743902,5.414634,1.024390,0.926829,0.182927,1.365854,2.256098,6.146341,0.367063,1.109756,1.414634,0.784483,-1.332300,-1.568878,1.146180,-0.562961,-0.110916,-0.934622,0.344501,-1.237624,-0.039189,-4.295810,-5.635117,False,False
316,1631093,Jaden Ivey,CHI,37,18.115000,8.540541,2.459459,1.837838,1.351351,0.621622,0.378378,1.108108,3.081081,6.918919,0.445312,1.027027,1.270270,0.808511,-1.007491,-1.238788,-0.701674,-0.208592,-0.990382,-0.488959,0.670334,-0.442393,0.073107,-4.334838,-5.876931,False,False
317,1630228,Jonathan Kuminga,ATL,36,23.069352,12.166667,5.611111,2.305556,0.972222,0.611111,0.305556,1.861111,4.361111,9.416667,0.463127,2.472222,3.416667,0.723577,-0.385700,0.215084,-0.460040,-0.619502,-1.020669,-0.655008,-0.281585,-0.307495,-0.833007,-4.347922,-5.957997,False,False
318,1631323,Simone Fontecchio,MIA,70,16.749571,8.528571,3.014286,1.442857,1.757143,0.528571,0.128571,0.700000,2.771429,6.728571,0.411890,1.228571,1.457143,0.843137,-1.009544,-0.982844,-0.905729,0.231217,-1.258509,-1.058562,1.186249,-0.825168,0.262889,-4.360001,-6.032842,False,False
319,1630264,Anthony Gill,WAS,55,17.289939,5.836364,2.872727,1.254545,0.309091,0.563636,0.381818,0.654545,2.454545,3.909091,0.627907,0.618182,0.836364,0.739130,-1.471191,-1.048145,-1.003015,-1.338223,-1.157469,-0.481116,1.243711,1.003581,-0.157756,-4.409623,-6.340290,False,False
320,1642857,Kasparas Jakučionis,MIA,53,17.823176,6.188679,2.603774,2.584906,1.245283,0.622642,0.132075,0.943396,1.924528,4.490566,0.428571,1.094340,1.245283,0.878788,-1.410778,-1.172215,-0.315722,-0.323551,-0.987443,-1.050572,0.878556,-0.419150,0.382189,-4.418685,-6.396443,False,False
321,1641774,Tristan Vukcevic,WAS,49,13.693469,9.000000,3.000000,1.122449,1.020408,0.469388,0.673469,1.265306,3.102041,6.469388,0.479495,1.775510,2.265306,0.783784,-0.928705,-0.989434,-1.071259,-0.567277,-1.429049,0.183899,0.471610,-0.025285,-0.068373,-4.423874,-6.428592,False,False
322,1631246,Vince Williams Jr.,UTA,40,20.484875,7.500000,3.875000,4.150000,1.375000,0.725000,0.400000,1.750000,2.575000,7.300000,0.352740,0.975000,1.250000,0.780000,-1.185918,-0.585792,0.492841,-0.182960,-0.692494,-0.439658,-0.141123,-1.653557,-0.054511,-4.443172,-6.548157,False,False
323,203114,Khris Middleton,DAL,63,22.842646,10.158730,3.666667,2.793651,1.063492,0.650794,0.142857,1.714286,3.603175,8.571429,0.420370,1.888889,2.158730,0.875000,-0.730012,-0.681897,-0.207879,-0.520582,-0.906322,-1.025988,-0.095974,-0.923509,0.633521,-4.458642,-6.644007,False,False
324,1629013,Landry Shamet,NYK,51,22.961863,9.313725,1.803922,1.411765,2.019608,0.607843,0.176471,0.588235,3.117647,7.137255,0.436813,1.058824,1.490196,0.710526,-0.874909,-1.541190,-0.921792,0.515684,-1.030085,-0.949344,1.327538,-0.562887,-0.432327,-4.469313,-6.710124,False,False
325,1631121,Bryce McGowens,NOP,42,20.950794,8.095238,2.095238,1.476190,0.904762,0.642857,0.190476,0.404762,2.714286,5.642857,0.481013,1.761905,2.261905,0.778947,-1.083850,-1.406805,-0.888509,-0.692618,-0.929191,-0.917408,1.559478,-0.007017,-0.107086,-4.473006,-6.733006,False,False
326,1642363,Nique Clifford,SAC,75,25.092333,8.600000,3.760000,2.386667,1.026667,0.906667,0.320000,1.546667,3.320000,7.946667,0.417785,0.933333,1.293333,0.721649,-0.997295,-0.638842,-0.418136,-0.560494,-0.169016,-0.622072,0.115924,-0.892273,-0.324170,-4.506374,-6.939751,False,False
327,1642933,Keshon Gilbert,ATL,4,18.445833,4.250000,1.250000,3.000000,0.000000,0.750000,1.000000,2.000000,1.250000,3.000000,0.416667,1.750000,1.750000,1.000000,-1.743213,-1.796717,-0.101274,-1.673225,-0.620456,0.928445,-0.457163,-0.342741,1.289736,-4.516609,-7.003164,False,True
328,1631243,Mouhamed Gueye,ATL,77,15.309567,4.441558,3.571429,0.896104,0.519481,0.792208,0.506494,0.428571,1.701299,3.766234,0.451724,0.519481,0.805195,0.645161,-1.710366,-0.725831,-1.188194,-1.110197,-0.498833,-0.196835,1.529379,-0.198404,-0.420345,-4.519624,-7.021850,False,False
329,1630610,DeJon Jarreau,MEM,11,20.975758,8.000000,4.636364,3.272727,0.363636,0.909091,0.727273,2.363636,3.000000,7.545455,0.397590,1.636364,2.090909,0.782609,-1.100181,-0.234571,0.039623,-1.279105,-0.162030,0.306580,-0.916859,-1.114830,-0.071828,-4.533202,-7.105973,False,True
330,1631245,Quenton Jackson,IND,49,18.314796,9.142857,2.326531,2.857143,0.857143,0.632653,0.122449,1.265306,3.142857,6.693878,0.469512,2.000000,2.428571,0.823529,-0.904209,-1.300108,-0.175078,-0.744229,-0.958595,-1.072522,0.471610,-0.143520,0.269188,-4.557463,-7.256296,False,False
331,1631159,Leonard Miller,CHI,46,15.623080,7.847826,3.934783,0.869565,0.695652,0.369565,0.326087,0.782609,3.152174,5.695652,0.553435,0.847826,1.152174,0.735849,-1.126275,-0.558214,-1.201905,-0.919257,-1.716691,-0.608193,1.081818,0.717331,-0.230739,-4.562124,-7.285170,False,False
332,1629312,Haywood Highsmith,PHX,7,12.970000,5.428571,1.857143,1.000000,1.142857,0.571429,0.000000,0.000000,1.714286,3.285714,0.521739,0.857143,1.000000,0.857143,-1.541117,-1.516639,-1.134519,-0.434563,-1.135015,-1.351727,2.071164,0.230919,0.230109,-4.581390,-7.404544,False,True
333,1631248,Baylor Scheierman,BOS,77,18.562381,5.545455,3.493506,1.506494,1.259740,0.545455,0.077922,0.597403,1.961039,4.324675,0.453453,0.363636,0.402597,0.903226,-1.521075,-0.761777,-0.872853,-0.307882,-1.209860,-1.174051,1.315949,-0.214688,0.158470,-4.587768,-7.444058,False,False
334,1627741,Buddy Hield,ATL,51,16.064150,7.647059,2.274510,1.392157,1.450980,0.764706,0.176471,0.941176,2.803922,6.411765,0.437309,0.588235,0.725490,0.810811,-1.160701,-1.324106,-0.931922,-0.100611,-0.578080,-0.949344,0.881363,-0.500089,0.047675,-4.615816,-7.617840,False,False
335,1641772,Nae'Qwan Tomlin,CLE,64,15.681849,5.843750,2.906250,0.828125,0.421875,0.640625,0.531250,0.453125,2.343750,4.906250,0.477707,0.734375,0.953125,0.770492,-1.469924,-1.032681,-1.223314,-1.215984,-0.935623,-0.140386,1.498339,-0.034584,-0.073720,-4.627877,-7.692568,False,False
336,1627747,Caris LeVert,DET,60,19.240250,7.383333,1.950000,2.650000,1.000000,0.850000,0.683333,1.366667,2.716667,6.516667,0.416880,0.950000,1.400000,0.678571,-1.205924,-1.473804,-0.282092,-0.589396,-0.332302,0.206391,0.343473,-0.742071,-0.564894,-4.640619,-7.771521,False,False
337,1641767,Ben Sheppard,IND,65,21.391949,7.061538,3.000000,1.753846,1.292308,0.600000,0.092308,0.630769,2.584615,5.953846,0.434109,0.600000,0.784615,0.764706,-1.261104,-0.989434,-0.745065,-0.272585,-1.052686,-1.141249,1.273768,-0.497836,-0.076794,-4.762985,-8.529686,False,False
338,1642860,Will Riley,WAS,74,22.060428,10.324324,2.864865,1.972973,1.054054,0.729730,0.121622,1.270270,3.662162,8.351351,0.438511,1.945946,2.432432,0.800000,-0.701616,-1.051772,-0.631860,-0.530811,-0.678865,-1.074409,0.465334,-0.633732,0.066540,-4.771191,-8.580529,False,False
339,1642348,Justin Edwards,PHI,64,15.265911,6.031250,1.468750,1.250000,1.046875,0.843750,0.171875,0.562500,2.234375,5.000000,0.446875,0.515625,0.609375,0.846154,-1.437773,-1.695807,-1.005364,-0.538592,-0.350312,-0.959822,1.360072,-0.305978,0.116462,-4.817113,-8.865060,False,False
340,1642383,Walter Clayton Jr.,MEM,69,20.442536,7.797101,2.014493,4.043478,1.086957,0.637681,0.275362,1.681159,2.565217,6.681159,0.383948,1.579710,1.753623,0.900826,-1.134973,-1.444053,0.437810,-0.495150,-0.944106,-0.723853,-0.054097,-1.147203,0.675331,-4.830295,-8.946731,False,False
341,1641989,Elijah Harkless,UTA,26,20.954359,6.846154,2.038462,2.884615,0.807692,1.192308,0.230769,1.000000,2.076923,6.192308,0.335404,1.884615,2.461538,0.765625,-1.298037,-1.432996,-0.160885,-0.797825,0.654069,-0.825533,0.807000,-1.591175,-0.232895,-4.878277,-9.244020,False,False
342,1642883,Sion James,CHA,82,22.479024,5.378049,3.500000,1.987805,1.012195,0.634146,0.243902,0.792683,1.682927,4.536585,0.370968,1.000000,1.195122,0.836735,-1.549781,-0.758781,-0.624197,-0.576179,-0.954292,-0.795587,1.069083,-0.882379,0.188467,-4.883646,-9.277291,False,False
343,1642262,Cody Williams,UTA,67,24.336443,8.776119,2.955224,2.044776,0.417910,0.761194,0.388060,1.089552,3.552239,7.597015,0.467583,1.253731,1.776119,0.705882,-0.967095,-1.010089,-0.594765,-1.220281,-0.588200,-0.466884,0.693791,-0.188616,-0.544543,-4.886682,-9.296099,False,False
344,1626172,Kevon Looney,NOP,21,14.642222,2.809524,5.619048,1.619048,0.095238,0.428571,0.476190,0.428571,1.190476,2.857143,0.416667,0.333333,0.476190,0.700000,-1.990219,0.218746,-0.814705,-1.570003,-1.546663,-0.265931,1.529379,-0.326420,-0.155935,-4.921751,-9.513385,False,False
345,1629020,Jarred Vanderbilt,LAL,65,17.349872,4.430769,4.492308,1.292308,0.446154,0.846154,0.292308,0.861538,1.738462,3.692308,0.470833,0.507692,0.861538,0.589286,-1.712216,-0.301025,-0.983507,-1.189670,-0.343385,-0.685215,0.982038,-0.070598,-0.620564,-4.924142,-9.528200,False,False
346,1642920,Kobe Sanders,LAC,68,19.873775,7.279412,2.250000,1.602941,1.176471,0.720588,0.147059,1.191176,2.632353,5.647059,0.466146,0.838235,1.014706,0.826087,-1.223744,-1.335412,-0.823026,-0.398132,-0.705207,-1.016407,0.565322,-0.154461,0.121680,-4.969388,-9.808537,False,False
347,1628418,Thomas Bryant,CLE,60,12.196944,6.166667,3.416667,0.550000,0.783333,0.300000,0.433333,0.466667,2.250000,4.450000,0.505618,0.883333,1.100000,0.803030,-1.414552,-0.797223,-1.366999,-0.824226,-1.917146,-0.363652,1.481221,0.186757,0.041918,-4.973903,-9.836508,False,False
348,1641715,Cam Whitmore,WAS,21,16.856349,9.190476,2.761905,0.714286,0.761905,0.714286,0.380952,0.857143,3.666667,8.047619,0.455621,1.095238,1.476190,0.741935,-0.896043,-1.099268,-1.282126,-0.847450,-0.723368,-0.483090,0.987595,-0.368867,-0.263749,-4.976366,-9.851769,False,False
349,1628975,Jevon Carter,ORL,53,16.366824,6.396226,1.679245,1.641509,1.471698,0.754717,0.188679,0.679245,2.320755,5.792453,0.400651,0.283019,0.358491,0.789474,-1.375188,-1.598704,-0.803101,-0.078156,-0.606864,-0.921506,1.212486,-0.824687,-0.003583,-4.999303,-9.993886,False,False
350,201144,Mike Conley,MIN,54,18.357377,4.537037,1.722222,2.907407,1.037037,0.648148,0.259259,0.629630,1.333333,3.981481,0.334884,0.833333,0.925926,0.900000,-1.693994,-1.578879,-0.149110,-0.549254,-0.913945,-0.760571,1.275209,-1.026717,0.353865,-5.043397,-10.267085,False,False
351,203991,Clint Capela,HOU,75,12.342156,3.760000,4.600000,0.666667,0.013333,0.480000,0.840000,0.546667,1.573333,3.026667,0.519824,0.600000,1.040000,0.576923,-1.827236,-0.251346,-1.306727,-1.658774,-1.398470,0.563617,1.380087,0.202532,-0.794729,-5.091044,-10.562304,False,False
352,201587,Nicolas Batum,LAC,74,17.494527,3.959459,2.486486,0.864865,1.243243,0.635135,0.310811,0.500000,1.297297,3.216216,0.403361,0.121622,0.148649,0.818182,-1.793034,-1.226320,-1.204333,-0.325762,-0.951443,-0.643025,1.439082,-0.442595,0.013656,-5.133774,-10.827054,False,False
353,1630311,Pat Spencer,GSW,66,18.620101,7.212121,2.393939,3.515152,0.909091,0.727273,0.075758,1.287879,2.818182,6.606061,0.426606,0.666667,0.863636,0.771930,-1.235282,-1.269012,0.164864,-0.687926,-0.685945,-1.178987,0.443074,-0.639418,-0.062392,-5.151024,-10.933930,False,False
354,1630557,Corey Kispert,ATL,58,18.613908,9.172414,2.275862,1.586207,1.500000,0.275862,0.155172,0.775862,3.172414,6.793103,0.467005,1.327586,1.672414,0.793814,-0.899141,-1.323482,-0.831672,-0.047482,-1.986700,-0.997907,1.090347,-0.175558,0.009044,-5.162550,-11.005344,False,False
355,1630579,Jericho Sims,MIL,67,19.669179,4.985075,5.522388,1.552239,0.000000,0.283582,0.253731,1.119403,2.164179,2.761194,0.783784,0.656716,1.059701,0.619718,-1.617166,0.174156,-0.849220,-1.673225,-1.964454,-0.773176,0.656055,1.464755,-0.648874,-5.231149,-11.430379,False,False
356,1642911,Rocco Zikarsky,MIN,5,7.296667,2.800000,2.800000,0.400000,0.000000,0.000000,1.000000,0.200000,1.000000,1.600000,0.625000,0.800000,0.800000,1.000000,-1.991853,-1.081695,-1.444493,-1.673225,-2.781605,0.928445,1.818331,0.402600,0.589594,-5.233901,-11.447428,False,True
357,1642269,Devin Carter,SAC,38,18.417588,8.921053,3.289474,2.657895,0.789474,0.894737,0.236842,1.421053,3.184211,7.684211,0.414384,1.763158,2.473684,0.712766,-0.942243,-0.855898,-0.278014,-0.817571,-0.203392,-0.811686,0.274721,-0.908709,-0.697993,-5.240784,-11.490075,False,False
358,1642402,Enrique Freeman,MIN,4,9.302083,3.250000,2.500000,0.500000,0.500000,0.500000,0.750000,0.500000,1.000000,2.000000,0.500000,0.750000,1.000000,0.750000,-1.914689,-1.220086,-1.392831,-1.131310,-1.340839,0.358402,1.439082,0.064203,-0.150054,-5.288121,-11.783373,False,True
359,1642382,Branden Carlson,OKC,42,11.623889,5.761905,2.952381,0.690476,0.738095,0.190476,0.642857,0.380952,2.333333,4.428571,0.526882,0.357143,0.619048,0.576923,-1.483959,-1.011401,-1.294426,-0.873256,-2.232742,0.114098,1.589577,0.351234,-0.473053,-5.313927,-11.943262,False,False
360,1630165,Killian Hayes,SAC,23,17.631594,5.521739,2.347826,3.521739,0.739130,0.913043,0.173913,1.217391,1.826087,6.000000,0.304348,1.130435,1.217391,0.928571,-1.525141,-1.290285,0.168268,-0.872134,-0.150641,-0.955175,0.532182,-1.868999,0.588670,-5.373255,-12.310853,False,False
361,203552,Seth Curry,GSW,10,13.300000,7.100000,1.200000,1.000000,1.200000,0.300000,0.000000,0.200000,2.400000,4.900000,0.489796,1.100000,1.200000,0.916667,-1.254508,-1.819782,-1.134519,-0.372630,-1.917146,-1.351727,1.818331,0.069489,0.529572,-5.432921,-12.680536,False,True
362,1642272,Jared McCain,OKC,67,17.308458,8.328358,2.044776,1.343284,1.477612,0.522388,0.074627,0.835821,3.044776,7.164179,0.425000,0.761194,0.880597,0.864407,-1.043875,-1.430083,-0.957171,-0.071747,-1.276327,-1.181565,1.014549,-0.713640,0.225329,-5.434529,-12.690501,False,False
363,1630536,Sharife Cooper,WAS,41,17.073130,8.121951,2.097561,3.024390,0.707317,0.390244,0.121951,1.487805,3.097561,6.024390,0.514170,1.219512,1.463415,0.833333,-1.079269,-1.405733,-0.088674,-0.906614,-1.657105,-1.073657,0.190335,0.343312,0.213114,-5.464291,-12.874905,False,False
364,1642275,Tidjane Salaün,CHA,37,15.550811,6.000000,4.027027,0.729730,0.972973,0.432432,0.189189,0.702703,2.162162,4.297297,0.503145,0.702703,1.081081,0.650000,-1.443131,-0.515661,-1.274147,-0.618689,-1.535537,-0.920343,1.182832,0.161683,-0.545808,-5.508801,-13.150682,False,False
365,1630679,Ethan Thompson,IND,32,20.413490,6.968750,2.156250,1.781250,1.187500,0.625000,0.281250,0.781250,2.312500,6.125000,0.377551,1.156250,1.468750,0.787234,-1.277015,-1.378660,-0.730908,-0.386178,-0.980647,-0.710429,1.083536,-1.120516,-0.026350,-5.527167,-13.264476,False,False
366,1630619,Moussa Cisse,DAL,38,13.936316,4.473684,5.684211,0.236842,0.000000,0.500000,1.184211,0.789474,1.736842,3.026316,0.573913,1.000000,2.131579,0.469136,-1.704857,0.248806,-1.528784,-1.673225,-1.340839,1.348477,1.073140,0.489981,-2.444094,-5.531395,-13.290672,False,False
367,1630172,Patrick Williams,CHI,72,20.469167,7.013889,2.986111,1.458333,1.319444,0.680556,0.361111,1.041667,2.472222,6.638889,0.372385,0.750000,1.041667,0.720000,-1.269274,-0.995841,-0.897734,-0.243173,-0.820562,-0.528331,0.754327,-1.274760,-0.267187,-5.542536,-13.359699,False,False
368,201569,Eric Gordon,PHI,6,12.291667,5.500000,0.333333,0.500000,1.333333,0.666667,0.166667,0.500000,2.000000,3.500000,0.571429,0.166667,0.333333,0.500000,-1.528869,-2.219580,-1.392831,-0.228120,-0.860583,-0.971698,1.439082,0.551402,-0.345700,-5.556897,-13.448678,False,True
369,1630570,Trendon Watford,PHI,53,16.296541,6.528302,3.283019,2.490566,0.188679,0.301887,0.415094,1.207547,2.603774,5.056604,0.514925,1.132075,1.452830,0.779221,-1.352541,-0.858876,-0.364459,-1.468729,-1.911709,-0.405240,0.544626,0.294868,-0.067372,-5.589432,-13.650259,False,False
370,1642942,Jahmai Mashack,MEM,31,21.714570,6.193548,2.612903,2.225806,0.612903,1.193548,0.451613,1.580645,2.483871,6.290323,0.394872,0.612903,1.129032,0.542857,-1.409943,-1.168003,-0.501240,-1.008943,0.657644,-0.321972,0.072970,-0.959418,-0.999233,-5.638139,-13.952043,False,False
371,1629026,Kenrich Williams,OKC,56,15.270774,6.482143,3.339286,1.410714,0.892857,0.553571,0.089286,0.767857,2.500000,5.285714,0.472973,0.589286,0.928571,0.634615,-1.360456,-0.832920,-0.922335,-0.705521,-1.186471,-1.148140,1.100467,-0.081203,-0.519498,-5.656077,-14.063188,False,False
372,1631250,Pete Nance,MIL,47,15.682943,5.404255,2.659574,1.021277,1.063830,0.297872,0.297872,0.553191,2.127660,4.127660,0.515464,0.085106,0.234043,0.363636,-1.545287,-1.146474,-1.123527,-0.520216,-1.923276,-0.672527,1.371839,0.244602,-0.355965,-5.670831,-14.154602,False,False
373,1641725,Trey Alexander,NOP,9,12.293704,5.222222,1.222222,1.000000,0.666667,0.666667,0.222222,0.333333,2.111111,4.111111,0.513514,0.333333,0.555556,0.600000,-1.576501,-1.809531,-1.134519,-0.950672,-0.860583,-0.845022,1.649776,0.229540,-0.379045,-5.676559,-14.190093,False,True
374,1630846,Olivier Sarr,CLE,4,9.837500,3.500000,2.750000,1.250000,0.500000,0.500000,0.750000,0.500000,1.250000,1.750000,0.714286,0.500000,1.250000,0.400000,-1.871820,-1.104760,-1.005364,-1.131310,-1.340839,0.358402,1.439082,0.714748,-1.739898,-5.681759,-14.222312,False,True
375,1631123,Jamaree Bouyea,PHX,46,14.001268,5.717391,1.782609,1.782609,0.500000,0.630435,0.347826,0.652174,2.347826,5.130435,0.457627,0.521739,0.760870,0.685714,-1.491592,-1.551022,-0.730206,-1.131310,-0.964987,-0.558624,1.246709,-0.217084,-0.287724,-5.685839,-14.247592,False,False
376,1631126,Caleb Love,POR,49,20.665476,10.387755,2.326531,2.510204,1.897959,0.551020,0.081633,1.265306,3.877551,10.000000,0.387755,0.734694,1.000000,0.734694,-0.690739,-1.300108,-0.354314,0.383838,-1.193822,-1.165590,0.471610,-1.650212,-0.204363,-5.703701,-14.358262,False,False
377,1631172,Ousmane Dieng,MIL,57,19.288977,7.561404,3.157895,2.385965,1.105263,0.438596,0.298246,1.315789,2.947368,6.982456,0.422111,0.561404,0.789474,0.711111,-1.175389,-0.916596,-0.418499,-0.475309,-1.517775,-0.671676,0.407791,-0.730970,-0.227399,-5.725822,-14.495319,False,False
378,1630623,Tyson Etienne,BKN,24,15.834028,7.875000,1.125000,1.666667,1.791667,0.458333,0.000000,0.666667,2.416667,6.041667,0.400000,1.250000,1.500000,0.833333,-1.121615,-1.854380,-0.790104,0.268635,-1.460903,-1.351727,1.228388,-0.867081,0.218442,-5.730346,-14.523347,False,False
379,1642948,Ryan Nembhard,DAL,60,19.514667,6.616667,2.216667,5.266667,0.800000,0.416667,0.033333,1.416667,2.700000,6.500000,0.415385,0.416667,0.516667,0.806452,-1.337388,-1.350789,1.069736,-0.806162,-1.580967,-1.275721,0.280265,-0.757241,0.025961,-5.732306,-14.535491,False,False
380,1631124,Julian Strawther,DEN,57,15.099532,7.245614,2.000000,1.070175,1.017544,0.438596,0.105263,0.631579,2.614035,5.596491,0.467085,1.000000,1.228070,0.814286,-1.229539,-1.450738,-1.098265,-0.570382,-1.517775,-1.111709,1.272744,-0.143851,0.095843,-5.753672,-14.667874,False,False
381,1641712,Rayan Rupert,MEM,64,16.758516,5.187500,2.937500,1.062500,0.687500,0.859375,0.140625,0.859375,1.921875,4.890625,0.392971,0.656250,0.843750,0.777778,-1.582455,-1.018265,-1.102230,-0.928092,-0.305288,-1.031078,0.984773,-0.762256,-0.043447,-5.788339,-14.882670,False,False
382,1629006,Josh Okogie,HOU,78,17.356560,4.525641,2.564103,0.884615,0.794872,0.807692,0.205128,0.525641,1.602564,3.769231,0.425170,0.525641,0.884615,0.594203,-1.695948,-1.190515,-1.194130,-0.811720,-0.454213,-0.883999,1.406667,-0.374336,-0.621753,-5.819946,-15.078502,False,False
383,203939,Dwight Powell,DAL,63,14.355741,3.333333,4.079365,1.079365,0.031746,0.539683,0.333333,0.650794,1.031746,1.603175,0.643564,1.238095,1.777778,0.696429,-1.900399,-0.491517,-1.093518,-1.638817,-1.226492,-0.591670,1.248454,0.455666,-0.604685,-5.842978,-15.221206,False,False
384,1642490,Josh Oduro,NOP,3,27.255556,8.333333,7.666667,1.333333,0.000000,0.000000,0.000000,0.666667,3.666667,5.666667,0.647059,1.000000,2.000000,0.500000,-1.043022,1.163322,-0.962312,-1.673225,-2.781605,-1.351727,1.228388,1.645398,-2.074200,-5.848983,-15.258413,False,True
385,1631132,Christian Koloko,ATL,27,13.209938,2.703704,3.000000,0.666667,0.037037,0.518519,0.851852,0.592593,1.148148,2.740741,0.418919,0.370370,0.555556,0.666667,-2.008365,-0.989434,-1.306727,-1.633083,-1.287477,0.590642,1.322030,-0.302281,-0.247631,-5.862326,-15.341085,False,False
386,1630699,MarJon Beauchamp,PHI,14,14.007976,6.785714,2.285714,1.071429,1.142857,0.642857,0.285714,0.928571,2.357143,5.428571,0.434211,0.928571,1.357143,0.684211,-1.308401,-1.318937,-1.097618,-0.434563,-0.929191,-0.700249,0.897297,-0.452943,-0.520447,-5.865052,-15.357971,False,True
387,1641738,Kobe Brown,IND,61,15.776667,5.786885,3.032787,1.311475,0.852459,0.377049,0.196721,0.868852,2.081967,4.442623,0.468635,0.770492,0.967213,0.796610,-1.479675,-0.974309,-0.973604,-0.749305,-1.695126,-0.903168,0.972792,-0.102099,0.014825,-5.889669,-15.510501,False,False
388,1642864,Hugo González,BOS,74,14.647703,3.905405,3.324324,0.540541,0.567568,0.567568,0.283784,0.513514,1.581081,3.324324,0.475610,0.175676,0.351351,0.500000,-1.802303,-0.839821,-1.371886,-1.058079,-1.146141,-0.704651,1.421998,-0.035677,-0.364387,-5.900946,-15.580368,False,False
389,1630604,E.J. Liddell,BKN,26,13.430385,5.653846,2.653846,0.923077,0.692308,0.230769,0.384615,0.576923,2.076923,4.269231,0.486486,0.807692,1.000000,0.807692,-1.502488,-1.149116,-1.174259,-0.922882,-2.116636,-0.474738,1.341838,0.035731,0.054649,-5.907901,-15.623461,False,False
390,1630182,Josh Green,CHA,58,15.653937,4.293103,1.758621,0.810345,1.000000,0.603448,0.103448,0.603448,1.431034,3.120690,0.458564,0.431034,0.482759,0.892857,-1.735822,-1.562088,-1.232499,-0.589396,-1.042749,-1.115847,1.308306,-0.126913,0.172263,-5.924747,-15.727835,False,False
391,1642849,Nolan Traore,BKN,56,22.203423,8.910714,1.767857,3.803571,1.089286,0.803571,0.410714,2.303571,3.250000,8.553571,0.379958,1.321429,1.678571,0.787234,-0.944016,-1.557827,0.313869,-0.492626,-0.466088,-0.415228,-0.840927,-1.528642,-0.030115,-5.961600,-15.956172,False,False
392,1627824,Guerschon Yabusele,CHI,67,15.030697,5.567164,3.492537,0.940299,1.029851,0.388060,0.238806,0.611940,1.865672,4.656716,0.400641,0.805970,1.074627,0.750000,-1.517352,-0.762224,-1.165362,-0.557043,-1.663399,-0.807208,1.297571,-0.663075,-0.161252,-5.999344,-16.190033,False,False
393,203903,Jordan Clarkson,NYK,72,17.770301,8.638889,1.763889,1.333333,0.972222,0.416667,0.125000,0.875000,3.291667,7.305556,0.450570,1.083333,1.305556,0.829787,-0.990627,-1.559658,-0.962312,-0.619502,-1.580967,-1.066705,0.965020,-0.399657,0.173699,-6.040709,-16.446325,False,False
394,203992,Bogdan Bogdanović,LAC,23,19.654783,7.434783,2.565217,2.217391,1.434783,0.434783,0.130435,1.173913,2.565217,6.608696,0.388158,0.869565,1.086957,0.800000,-1.197101,-1.190001,-0.505588,-0.118166,-1.528765,-1.054313,0.587146,-1.085900,0.029734,-6.062955,-16.584159,False,False
395,1642962,Drake Powell,BKN,63,20.944656,6.476190,1.761905,1.444444,0.809524,0.571429,0.222222,0.952381,2.285714,5.682540,0.402235,1.095238,1.222222,0.896104,-1.361476,-1.560573,-0.904909,-0.795840,-1.135015,-0.845022,0.867198,-0.793239,0.450205,-6.078672,-16.681537,False,False
396,1630644,Mac McClung,CHI,11,12.288636,6.090909,0.909091,0.909091,0.636364,1.000000,0.272727,0.818182,2.090909,5.363636,0.389831,1.272727,1.636364,0.777778,-1.427543,-1.953980,-1.181485,-0.983516,0.099928,-0.729862,1.036848,-0.865564,-0.084262,-6.089435,-16.748229,False,True
397,1642362,Payton Sandfort,OKC,4,15.833333,8.750000,2.500000,0.000000,1.750000,0.250000,0.000000,0.250000,3.250000,6.500000,0.500000,0.500000,1.000000,0.500000,-0.971574,-1.220086,-1.651142,0.223475,-2.061222,-1.351727,1.755123,0.208661,-1.037100,-6.105592,-16.848333,False,True
398,1628449,Chris Boucher,BOS,9,10.461111,2.333333,2.000000,0.333333,0.222222,0.555556,0.777778,0.111111,0.888889,2.777778,0.320000,0.333333,0.444444,0.750000,-2.071874,-1.450738,-1.478934,-1.432374,-1.180754,0.421740,1.930701,-0.788921,-0.066691,-6.117846,-16.924256,False,True
399,1642277,Johnny Furphy,IND,35,18.372952,5.142857,4.371429,1.171429,0.657143,0.571429,0.200000,0.828571,2.000000,4.257143,0.469799,0.485714,1.000000,0.485714,-1.590110,-0.356787,-1.045955,-0.960994,-1.135015,-0.895693,1.023714,-0.089134,-1.087788,-6.137763,-17.047663,False,False
400,1629018,Gary Trent Jr.,MIL,65,21.190487,8.138462,1.030769,1.215385,1.892308,0.523077,0.046154,0.630769,2.815385,7.276923,0.386892,0.615385,0.800000,0.769231,-1.076438,-1.897849,-1.023247,0.377712,-1.274342,-1.246488,1.273768,-1.211874,-0.065456,-6.144214,-17.087628,False,False
401,1642066,Myron Gardner,MIA,45,9.122333,3.622222,2.711111,0.977778,0.577778,0.444444,0.177778,0.377778,1.311111,2.733333,0.479675,0.422222,0.577778,0.730769,-1.850862,-1.122699,-1.146000,-1.047013,-1.500924,-0.946363,1.593591,-0.009821,-0.126122,-6.156213,-17.161978,False,False
402,1641711,Gradey Dick,TOR,76,14.035373,5.986842,1.934211,0.671053,0.736842,0.592105,0.092105,0.552632,2.118421,5.052632,0.419271,1.013158,1.157895,0.875000,-1.445388,-1.481087,-1.304461,-0.874614,-1.075435,-1.141711,1.372547,-0.554141,0.339806,-6.164483,-17.213218,False,False
403,1629726,Garrison Mathews,IND,15,13.073333,5.200000,1.133333,0.666667,1.133333,0.400000,0.200000,0.200000,1.400000,3.466667,0.403846,1.266667,1.533333,0.826087,-1.580312,-1.850536,-1.306727,-0.444886,-1.628992,-0.895693,1.818331,-0.474109,0.183872,-6.179051,-17.303478,False,True
404,1628964,Mo Bamba,UTA,4,10.950000,2.500000,5.500000,0.250000,0.000000,0.000000,0.750000,0.500000,1.250000,2.750000,0.454545,0.000000,0.000000,,-2.043295,0.163828,-1.521986,-1.673225,-2.781605,0.358402,1.439082,-0.131243,0.000000,-6.190043,-17.371580,False,True
405,1642949,Yanic Konan Niederhäuser,LAC,41,10.333618,4.292683,2.853659,0.292683,0.024390,0.121951,0.731707,0.560976,1.560976,2.439024,0.640000,1.146341,1.512195,0.758065,-1.735894,-1.056942,-1.499935,-1.646790,-2.430199,0.316692,1.361999,0.677970,-0.183640,-6.196740,-17.413076,False,False
406,1629021,Moritz Wagner,ORL,36,11.849861,6.861111,3.194444,0.750000,0.611111,0.416667,0.055556,0.527778,2.305556,5.416667,0.425641,1.638889,2.000000,0.819444,-1.295472,-0.899735,-1.263675,-1.010885,-1.580967,-1.225051,1.403966,-0.533468,0.192695,-6.212591,-17.511290,False,False
407,1642866,Joan Beringer,MIN,40,7.853292,3.900000,2.300000,0.300000,0.000000,0.175000,0.650000,0.275000,1.625000,2.450000,0.663265,0.650000,0.925000,0.702703,-1.803230,-1.312347,-1.496155,-1.673225,-2.277337,0.130385,1.723519,0.781123,-0.294033,-6.221300,-17.565245,False,False
408,1631213,Tyrese Martin,PHI,46,16.882826,6.304348,2.521739,1.695652,1.152174,0.543478,0.130435,0.869565,2.369565,6.021739,0.393502,0.413043,0.608696,0.678571,-1.390943,-1.210058,-0.775130,-0.424466,-1.215555,-1.054313,0.971891,-0.932941,-0.245606,-6.277121,-17.911108,False,False
409,1630526,Jeremiah Robinson-Earl,DAL,22,16.391591,4.590909,4.681818,0.681818,0.454545,0.409091,0.045455,0.545455,1.681818,4.545455,0.370000,0.772727,0.818182,0.944444,-1.684756,-0.213603,-1.298899,-1.180575,-1.602796,-1.248083,1.381620,-0.891829,0.441712,-6.297209,-18.035572,False,False
410,1631466,Nate Williams,GSW,14,17.083571,8.000000,2.142857,1.000000,0.928571,0.357143,0.000000,1.071429,3.071429,6.285714,0.488636,0.928571,1.071429,0.866667,-1.100181,-1.384838,-1.134519,-0.666812,-1.752487,-1.351727,0.716703,0.076340,0.282751,-6.314770,-18.144375,False,True
411,1642854,Asa Newell,ATL,44,11.361553,5.159091,2.181818,0.590909,0.659091,0.363636,0.340909,0.522727,2.068182,3.840909,0.538462,0.363636,0.659091,0.551724,-1.587327,-1.366865,-1.345865,-0.958883,-1.733775,-0.574396,1.410351,0.382736,-0.562582,-6.336606,-18.279668,False,False
412,1631321,Sidy Cissoko,POR,75,19.134067,5.106667,2.213333,1.466667,0.786667,0.693333,0.333333,0.933333,1.773333,4.453333,0.398204,0.773333,1.173333,0.659091,-1.596316,-1.352327,-0.893429,-0.820613,-0.783743,-0.591670,0.891278,-0.653178,-0.554536,-6.354533,-18.390746,False,False
413,1641761,Grant Nelson,BKN,4,8.752500,4.250000,1.500000,1.250000,0.000000,0.250000,1.250000,1.000000,1.250000,2.250000,0.555556,1.750000,2.500000,0.700000,-1.743213,-1.681391,-1.005364,-1.673225,-2.061222,1.498488,0.807000,0.291752,-0.818658,-6.385833,-18.584674,False,True
414,1643018,LJ Cryer,GSW,18,16.230370,8.222222,1.555556,1.000000,2.055556,0.166667,0.000000,0.777778,2.611111,6.500000,0.401709,0.944444,1.055556,0.894737,-1.062075,-1.655763,-1.134519,0.554645,-2.301350,-1.351727,1.087925,-0.913346,0.383693,-6.392517,-18.626087,False,True
415,1631199,Ron Harper Jr.,BOS,29,10.949195,4.241379,1.655172,0.758621,0.965517,0.344828,0.310345,0.275862,1.586207,3.793103,0.418182,0.103448,0.137931,0.750000,-1.744692,-1.609809,-1.259221,-0.626769,-1.787973,-0.644087,1.722429,-0.423258,-0.020697,-6.394078,-18.635764,False,False
416,1629618,Jalen Pickett,DEN,50,16.129600,5.200000,2.280000,2.300000,0.980000,0.260000,0.100000,0.680000,1.960000,4.640000,0.422414,0.300000,0.380000,0.789474,-1.580312,-1.321573,-0.462910,-0.611073,-2.032407,-1.123710,1.211532,-0.483275,-0.003798,-6.407524,-18.719074,False,False
417,1641790,PJ Hall,CHA,19,11.230439,4.526316,3.947368,0.526316,0.157895,0.157895,0.526316,0.842105,1.578947,3.105263,0.508475,1.210526,1.526316,0.793103,-1.695832,-0.552408,-1.379235,-1.502094,-2.326627,-0.151636,1.006605,0.145900,0.004403,-6.450924,-18.987973,False,True
418,1642502,Malevy Leons,GSW,25,11.058867,3.320000,2.120000,0.920000,0.160000,0.560000,0.360000,0.520000,1.280000,2.880000,0.444444,0.600000,0.760000,0.789474,-1.902685,-1.395382,-1.175849,-1.499812,-1.167947,-0.530865,1.413799,-0.188537,-0.007595,-6.454874,-19.012447,False,False
419,1642869,Noah Penda,ORL,59,12.835169,3.847458,3.169492,1.186441,0.508475,0.508475,0.305085,0.711864,1.389831,3.440678,0.403941,0.559322,0.813559,0.687500,-1.812239,-0.911246,-1.038200,-1.122125,-1.316419,-0.656081,1.171251,-0.469983,-0.302494,-6.457537,-19.028949,False,False
420,1642877,Micah Peavy,NOP,61,14.966148,4.295082,1.918033,1.000000,0.459016,0.704918,0.147541,0.327869,1.737705,4.508197,0.385455,0.360656,0.475410,0.758621,-1.735483,-1.488550,-1.134519,-1.175730,-0.750361,-1.015308,1.656684,-0.762162,-0.056795,-6.462225,-19.057990,False,False
421,1630639,A.J. Lawson,TOR,24,9.421458,4.208333,1.791667,0.291667,0.791667,0.500000,0.166667,0.250000,1.416667,3.250000,0.435897,0.583333,0.750000,0.777778,-1.750358,-1.546844,-1.500460,-0.815194,-1.340839,-0.971698,1.755123,-0.261541,-0.038620,-6.470432,-19.108840,False,False
422,1630534,Ochai Agbaji,BKN,62,15.696828,5.064516,2.274194,0.758065,0.548387,0.387097,0.274194,0.500000,1.967742,4.516129,0.435714,0.580645,0.693548,0.837209,-1.603544,-1.324252,-1.259509,-1.078867,-1.666173,-0.726518,1.439082,-0.364885,0.110538,-6.474128,-19.131741,False,False
423,1631116,Patrick Baldwin Jr.,SAC,9,11.385741,3.666667,2.555556,0.555556,0.666667,0.333333,0.555556,0.555556,1.222222,3.000000,0.407407,0.555556,0.777778,0.714286,-1.843241,-1.194458,-1.364129,-0.950672,-1.821094,-0.084965,1.368850,-0.391524,-0.215269,-6.496502,-19.270371,False,True
424,1628997,Caleb Martin,DAL,58,14.762270,3.913793,2.465517,1.396552,0.344828,0.689655,0.258621,0.689655,1.465517,3.258621,0.449735,0.637931,1.051724,0.606557,-1.800864,-1.235993,-0.929652,-1.299491,-0.794341,-0.762027,1.199327,-0.183044,-0.693102,-6.499188,-19.287009,False,False
425,1629234,Drew Eubanks,SAC,42,13.149286,5.214286,3.023810,0.452381,0.023810,0.357143,0.619048,0.714286,2.214286,3.714286,0.596154,0.761905,1.357143,0.561404,-1.577862,-0.978450,-1.417432,-1.647419,-1.752487,0.059808,1.168190,0.746444,-1.111811,-6.511019,-19.360313,False,False
426,1642879,Ben Saraf,BKN,44,20.825417,7.545455,2.090909,3.295455,0.431818,0.863636,0.181818,2.250000,2.727273,6.886364,0.396040,1.659091,2.000000,0.829545,-1.178124,-1.408802,0.051364,-1.205208,-0.293009,-0.937150,-0.773204,-1.036205,0.264376,-6.515962,-19.390941,False,False
427,203914,Gary Harris,MIL,48,13.766007,2.666667,1.270833,1.062500,0.583333,0.562500,0.187500,0.395833,0.958333,2.166667,0.442308,0.166667,0.187500,0.888889,-2.014716,-1.787107,-1.102230,-1.040991,-1.160743,-0.924195,1.570765,-0.149969,0.064266,-6.544921,-19.570365,False,False
428,1631204,Marcus Sasser,DET,38,12.013246,5.184211,1.026316,1.973684,1.157895,0.526316,0.105263,0.815789,1.815789,4.657895,0.389831,0.394737,0.473684,0.833333,-1.583019,-1.899904,-0.631492,-0.418265,-1.265009,-1.111709,1.039872,-0.751674,0.068982,-6.552218,-19.615582,False,False
429,1641724,Jett Howard,ORL,55,12.642182,5.472727,1.581818,0.818182,0.981818,0.181818,0.200000,0.272727,1.909091,4.563636,0.418327,0.672727,0.709091,0.948718,-1.533546,-1.643648,-1.228451,-0.609102,-2.257690,-0.895693,1.726392,-0.508078,0.393570,-6.556246,-19.640534,False,False
430,1631207,Dalen Terry,PHI,48,11.479722,3.666667,1.791667,1.375000,0.500000,0.604167,0.312500,0.541667,1.416667,3.229167,0.438710,0.333333,0.625000,0.533333,-1.843241,-1.546844,-0.940786,-1.131310,-1.040679,-0.639173,1.386408,-0.243917,-0.574267,-6.573808,-19.749350,False,False
431,1630175,Cole Anthony,MIL,35,15.046714,6.685714,2.485714,3.457143,0.628571,0.571429,0.314286,1.857143,2.800000,6.600000,0.424242,0.457143,0.742857,0.615385,-1.325548,-1.226676,0.134896,-0.991961,-1.135015,-0.635101,-0.276569,-0.666221,-0.466287,-6.588483,-19.840276,False,False
432,1631288,Jamal Cain,ORL,40,12.149208,5.375000,1.950000,0.725000,0.700000,0.275000,0.100000,0.475000,1.850000,3.800000,0.486842,0.975000,1.150000,0.847826,-1.550303,-1.473804,-1.276590,-0.914545,-1.989184,-1.123710,1.470686,0.034177,0.226609,-6.596664,-19.890963,False,False
433,1630192,Zeke Nnaji,DEN,52,12.038237,3.653846,2.615385,0.557692,0.269231,0.326923,0.461538,0.519231,1.365385,2.903846,0.470199,0.653846,0.846154,0.772727,-1.845439,-1.166859,-1.363025,-1.381425,-1.839566,-0.299340,1.414771,-0.058759,-0.058734,-6.598376,-19.901569,False,False
434,1628988,Aaron Holiday,HOU,57,13.697047,5.473684,1.017544,1.052632,1.175439,0.473684,0.087719,0.666667,1.842105,4.421053,0.416667,0.614035,0.719298,0.853659,-1.533382,-1.903950,-1.107329,-0.399251,-1.416669,-1.151712,1.228388,-0.505092,0.156624,-6.632372,-20.112207,False,False
435,1626204,Larry Nance Jr.,CLE,35,12.822000,3.742857,2.657143,0.971429,0.600000,0.600000,0.171429,0.571429,1.485714,3.542857,0.419355,0.171429,0.371429,0.461538,-1.830176,-1.147595,-1.149280,-1.022927,-1.052686,-0.960840,1.348784,-0.388036,-0.435897,-6.638653,-20.151119,False,False
436,1642389,Zyon Pullin,MIN,5,8.516667,4.600000,0.600000,1.800000,0.200000,0.200000,0.000000,0.600000,1.800000,2.600000,0.692308,0.800000,0.800000,1.000000,-1.683197,-2.096565,-0.721221,-1.456459,-2.205299,-1.351727,1.312665,0.961557,0.589594,-6.650652,-20.225465,False,True
437,1626156,D'Angelo Russell,WAS,26,19.029808,10.153846,2.346154,4.000000,1.269231,0.461538,0.076923,1.884615,3.615385,8.923077,0.405172,1.653846,2.307692,0.716667,-0.730849,-1.291056,0.415348,-0.297596,-1.451667,-1.176329,-0.311298,-1.199557,-0.619216,-6.662221,-20.297144,False,False
438,1631133,Jabari Walker,PHI,64,11.901068,4.312500,3.000000,0.531250,0.500000,0.359375,0.203125,0.421875,1.515625,3.328125,0.455399,0.781250,1.062500,0.735294,-1.732496,-0.989434,-1.376686,-1.131310,-1.746055,-0.888567,1.537845,-0.153845,-0.214873,-6.695421,-20.502850,False,False
439,1643007,Taelon Peter,IND,38,12.953421,4.500000,1.552632,1.052632,1.078947,0.684211,0.105263,0.710526,1.578947,4.157895,0.379747,0.263158,0.421053,0.625000,-1.700344,-1.657112,-1.107329,-0.503831,-0.810030,-1.111709,1.172942,-0.744617,-0.249927,-6.711957,-20.605304,False,False
440,1642530,Yuki Kawamura,CHI,18,11.612222,3.444444,1.833333,2.611111,0.611111,0.500000,0.000000,0.777778,0.944444,2.888889,0.326923,0.944444,1.055556,0.894737,-1.881346,-1.527623,-0.302183,-1.010885,-1.340839,-1.351727,1.087925,-0.785354,0.383693,-6.728339,-20.706804,False,True
441,1642878,Tyrese Proctor,CLE,50,10.901733,5.440000,1.280000,1.480000,0.920000,0.500000,0.000000,0.800000,1.860000,4.500000,0.413333,0.800000,0.900000,0.888889,-1.539158,-1.782878,-0.886541,-0.676102,-1.340839,-1.351727,1.059833,-0.540455,0.308474,-6.749392,-20.837247,False,False
442,1641740,Jaylen Clark,MIN,68,13.054461,4.044118,1.764706,0.632353,0.485294,0.691176,0.132353,0.338235,1.455882,3.352941,0.434211,0.647059,0.985294,0.656716,-1.778517,-1.559281,-1.324454,-1.147249,-0.789958,-1.049939,1.643579,-0.279759,-0.473967,-6.759545,-20.900155,False,False
443,1642352,Keshad Johnson,MIA,32,8.735052,4.250000,1.937500,0.250000,0.406250,0.468750,0.250000,0.406250,1.593750,3.250000,0.490385,0.656250,0.906250,0.724138,-1.743213,-1.479570,-1.521986,-1.232919,-1.430887,-0.781684,1.557597,0.049450,-0.219147,-6.802360,-21.165430,False,False
444,1630702,Jaden Hardy,WAS,57,15.756082,9.175439,1.508772,1.017544,1.824561,0.280702,0.105263,1.087719,3.192982,7.526316,0.424242,0.964912,1.315789,0.733333,-0.898622,-1.677344,-1.125456,0.304287,-1.972754,-1.111709,0.696109,-0.759726,-0.275250,-6.820466,-21.277616,False,False
445,203926,Doug McDermott,SAC,29,15.144770,5.655172,1.275862,0.758621,1.655172,0.206897,0.137931,0.448276,1.862069,4.793103,0.388489,0.275862,0.310345,0.888889,-1.502261,-1.784787,-1.259221,0.120698,-2.185426,-1.037220,1.504470,-0.784784,0.106371,-6.822161,-21.288118,False,False
446,1631107,Nikola Jović,MIA,47,17.191879,7.319149,3.255319,2.170213,0.957447,0.553191,0.361702,1.382979,2.446809,6.680851,0.366242,1.468085,2.148936,0.683168,-1.216930,-0.871654,-0.529961,-0.635516,-1.187566,-0.526984,0.322852,-1.354891,-0.832036,-6.832685,-21.353324,False,False
447,1626145,Tyus Jones,DEN,67,14.605647,2.970149,1.134328,2.373134,0.597015,0.552239,0.044776,0.373134,1.134328,3.253731,0.348624,0.104478,0.134328,0.777778,-1.962676,-1.850077,-0.425127,-1.026163,-1.190311,-1.249630,1.599461,-0.760537,-0.006917,-6.871977,-21.596771,False,False
448,1642400,Tristan Enaruna,CLE,9,9.459259,4.111111,1.555556,0.777778,0.333333,0.555556,0.000000,0.333333,1.555556,3.111111,0.500000,0.666667,0.888889,0.750000,-1.767029,-1.655763,-1.249324,-1.311948,-1.180754,-1.351727,1.649776,0.099872,-0.133381,-6.900279,-21.772129,False,True
449,1641890,Tyler Smith,DAL,12,13.798611,4.666667,2.750000,0.416667,0.833333,0.500000,0.000000,0.500000,1.750000,4.166667,0.420000,0.333333,0.500000,0.666667,-1.671765,-1.104760,-1.435882,-0.770034,-1.340839,-1.351727,1.439082,-0.451638,-0.222868,-6.910432,-21.835033,False,True
450,1642863,Khaman Maluach,PHX,46,8.935326,3.021739,2.891304,0.130435,0.108696,0.108696,0.717391,0.543478,1.217391,2.282609,0.533333,0.478261,0.673913,0.709677,-1.953830,-1.039575,-1.583756,-1.555417,-2.468395,0.284049,1.384118,0.206898,-0.197541,-6.923450,-21.915694,False,False
451,1629216,Gabe Vincent,ATL,53,16.586384,4.358491,1.018868,1.433962,1.113208,0.509434,0.056604,0.509434,1.433962,4.075472,0.351852,0.377358,0.433962,0.869565,-1.724610,-1.903339,-0.910325,-0.466699,-1.313655,-1.222661,1.427156,-0.929509,0.118986,-6.924655,-21.923157,False,False
452,101108,Chris Paul,LAC,16,14.220938,2.937500,1.750000,3.312500,0.625000,0.687500,0.000000,1.000000,1.125000,3.500000,0.321429,0.062500,0.125000,0.500000,-1.968275,-1.566065,0.060170,-0.995832,-0.800551,-1.351727,0.807000,-0.985260,-0.129638,-6.930177,-21.957373,False,True
453,1631110,Jeremy Sochan,NYK,44,10.648902,3.590909,2.431818,0.909091,0.250000,0.386364,0.159091,0.477273,1.454545,2.931818,0.496124,0.431818,0.590909,0.730769,-1.856231,-1.251539,-1.181485,-1.402267,-1.668286,-0.988972,1.467813,0.074160,-0.128989,-6.935796,-21.992190,False,False
454,1642278,Tyler Kolek,NYK,62,11.728414,4.419355,1.580645,2.741935,0.709677,0.354839,0.064516,0.887097,1.741935,4.000000,0.435484,0.225806,0.322581,0.700000,-1.714173,-1.644189,-0.234596,-0.904056,-1.759126,-1.204619,0.949728,-0.324802,-0.105633,-6.941467,-22.027323,False,False
455,1630208,Nick Richards,CHI,48,14.598125,5.750000,5.062500,0.333333,0.104167,0.208333,0.666667,1.229167,2.145833,4.187500,0.512438,1.354167,2.104167,0.643564,-1.486000,-0.037992,-1.478934,-1.560326,-2.181286,0.168388,0.517296,0.225894,-1.110384,-6.943345,-22.038962,False,False
456,201959,Taj Gibson,MEM,10,9.687333,3.400000,2.700000,0.600000,0.300000,0.200000,0.100000,0.100000,1.200000,2.600000,0.461538,0.700000,0.800000,0.875000,-1.888967,-1.127825,-1.341168,-1.348076,-2.205299,-1.123710,1.944747,-0.092154,0.234775,-6.947677,-22.065801,False,True
457,1631247,Luke Travers,CLE,12,8.590972,2.333333,2.000000,0.750000,0.083333,0.583333,0.333333,0.250000,0.750000,3.000000,0.250000,0.750000,0.750000,1.000000,-2.071874,-1.450738,-1.263675,-1.582906,-1.100711,-0.591670,1.755123,-1.220834,0.552744,-6.974541,-22.232250,False,True
458,1630560,Cam Thomas,MIL,42,20.964921,13.500000,1.690476,2.571429,1.238095,0.214286,0.095238,1.761905,4.500000,10.976190,0.409978,3.261905,4.023810,0.810651,-0.157066,-1.593523,-0.322684,-0.331342,-2.164134,-1.134568,-0.156172,-1.382924,0.262137,-6.980276,-22.267780,False,False
459,1642868,Carter Bryant,SAS,71,11.519225,4.197183,2.507042,0.661972,0.732394,0.225352,0.323944,0.464789,1.521127,3.732394,0.407547,0.422535,0.591549,0.714286,-1.752270,-1.216837,-1.309152,-0.879435,-2.132246,-0.613080,1.483595,-0.486191,-0.163726,-7.069343,-22.819629,False,False
460,1631103,Malaki Branham,WAS,28,9.838512,4.571429,1.571429,0.821429,0.500000,0.357143,0.107143,0.535714,1.535714,3.250000,0.472527,1.000000,1.214286,0.823529,-1.688096,-1.648441,-1.226773,-1.131310,-1.752487,-1.107423,1.393933,-0.052472,0.134594,-7.078474,-22.876208,False,False
461,1642853,Rasheer Fleming,PHX,55,12.243667,4.327273,2.254545,0.290909,0.818182,0.400000,0.381818,0.527273,1.581818,3.909091,0.404651,0.345455,0.618182,0.558824,-1.729963,-1.333315,-1.500852,-0.786456,-1.628992,-0.481116,1.404605,-0.529090,-0.512092,-7.097270,-22.992666,False,False
462,1642880,Kam Jones,IND,37,16.657432,4.378378,1.621622,3.216216,0.594595,0.486486,0.000000,0.972973,1.837838,4.567568,0.402367,0.108108,0.216216,0.500000,-1.721200,-1.625286,0.010428,-1.028786,-1.379779,-1.351727,0.841167,-0.636537,-0.224238,-7.115958,-23.108452,False,False
463,1642265,Rob Dillingham,CHI,65,14.922359,6.292308,2.015385,2.200000,0.646154,0.723077,0.092308,1.538462,2.507692,6.338462,0.395631,0.630769,0.846154,0.745455,-1.393008,-1.443641,-0.514572,-0.972905,-0.698035,-1.141249,0.126297,-0.958309,-0.140616,-7.136039,-23.232872,False,False
464,1630574,Ariel Hukporti,NYK,54,9.221512,2.166667,2.944444,0.537037,0.018519,0.166667,0.481481,0.592593,0.833333,1.481481,0.562500,0.481481,0.611111,0.787879,-2.100454,-1.015062,-1.373696,-1.653154,-2.301350,-0.253866,1.322030,0.210168,-0.009566,-7.174950,-23.473960,False,False
465,1627827,Dorian Finney-Smith,HOU,37,16.765180,3.324324,2.513514,0.972973,0.729730,0.432432,0.162162,0.594595,1.189189,3.567568,0.333333,0.216216,0.243243,0.888889,-1.901944,-1.213852,-1.148482,-0.882323,-1.535537,-0.981969,1.319499,-0.929693,0.083371,-7.190930,-23.572973,False,False
466,1628371,Jonathan Isaac,ORL,52,10.017179,2.576923,2.538462,0.423077,0.134615,0.384615,0.596154,0.346154,0.884615,2.096154,0.422018,0.673077,1.115385,0.603448,-2.030105,-1.202344,-1.432571,-1.527325,-1.673324,0.007606,1.633568,-0.219779,-0.747360,-7.191631,-23.577311,False,False
467,1642434,Riley Minix,CLE,9,6.453704,3.888889,0.666667,0.555556,0.444444,0.222222,0.111111,0.333333,1.555556,2.555556,0.608696,0.333333,0.333333,1.000000,-1.805135,-2.065812,-1.364129,-1.191523,-2.141265,-1.098374,1.649776,0.569867,0.245664,-7.200931,-23.634937,False,True
468,1631111,Wendell Moore Jr.,DET,6,9.925833,1.666667,1.000000,0.666667,0.000000,0.333333,0.333333,0.166667,0.666667,1.166667,0.571429,0.333333,0.333333,1.000000,-2.186191,-1.912043,-1.306727,-1.673225,-1.821094,-0.591670,1.860470,0.183801,0.245664,-7.201016,-23.635459,False,True
469,1630811,Keaton Wallace,ATL,53,10.113019,3.509434,1.056604,1.773585,0.716981,0.452830,0.094340,0.528302,1.283019,3.226415,0.397661,0.226415,0.339623,0.666667,-1.870202,-1.885932,-0.734868,-0.896140,-1.476760,-1.136616,1.403304,-0.476299,-0.151382,-7.224896,-23.783420,False,False
470,1642357,David Jones Garcia,SAS,11,6.179545,2.909091,1.181818,1.636364,0.272727,0.545455,0.090909,0.454545,1.181818,2.272727,0.520000,0.272727,0.545455,0.500000,-1.973146,-1.828170,-0.805760,-1.377635,-1.209860,-1.144439,1.496544,0.152785,-0.565691,-7.255371,-23.972241,False,True
471,1642862,Liam McNeeley,CHA,31,11.855538,4.258065,2.354839,0.774194,0.774194,0.161290,0.096774,0.419355,1.225806,3.064516,0.400000,1.032258,1.258065,0.820513,-1.741830,-1.287050,-1.251176,-0.834132,-2.316842,-1.131065,1.541030,-0.439810,0.125981,-7.334893,-24.464951,False,False
472,1630545,Terrence Shannon Jr,MIN,43,12.504070,5.604651,1.139535,0.883721,0.720930,0.325581,0.023256,0.558140,1.790698,3.976744,0.450292,1.302326,1.627907,0.800000,-1.510924,-1.847675,-1.194592,-0.891860,-1.843432,-1.298700,1.365584,-0.219493,0.044532,-7.396559,-24.847026,False,False
473,1630625,Dalano Banton,BOS,6,10.275000,2.000000,0.833333,1.833333,0.000000,0.333333,0.833333,1.333333,0.666667,2.000000,0.333333,0.666667,0.666667,1.000000,-2.129033,-1.988927,-0.704001,-1.673225,-1.821094,0.548416,0.385612,-0.521192,0.491328,-7.412115,-24.943409,False,True
474,1630544,Tre Mann,CHA,53,12.612421,5.490566,1.735849,1.622642,0.943396,0.471698,0.094340,1.018868,2.056604,5.716981,0.359736,0.433962,0.509434,0.851852,-1.530487,-1.572593,-0.812849,-0.650745,-1.422392,-1.136616,0.783148,-1.224737,0.107661,-7.459609,-25.237676,False,False
475,1641733,Nick Smith Jr.,LAL,30,12.495889,6.166667,0.766667,1.033333,1.133333,0.300000,0.066667,0.700000,2.333333,5.366667,0.434783,0.366667,0.500000,0.733333,-1.414552,-2.019681,-1.117299,-0.444886,-1.917146,-1.199715,1.186249,-0.442386,-0.104595,-7.474010,-25.326905,False,False
476,1630592,Jalen Wilson,BKN,54,15.911512,6.351852,2.111111,0.925926,1.000000,0.407407,0.037037,0.703704,2.037037,5.148148,0.395683,1.277778,1.777778,0.718750,-1.382797,-1.399482,-1.172788,-0.589396,-1.607648,-1.267276,1.181567,-0.777872,-0.463884,-7.479576,-25.361393,False,False
477,1641753,Chris Livingston,CLE,3,5.808889,3.000000,1.000000,0.333333,0.000000,0.333333,0.000000,0.000000,1.333333,2.333333,0.571429,0.333333,0.333333,1.000000,-1.957558,-1.912043,-1.478934,-1.673225,-1.821094,-1.351727,2.071164,0.367602,0.245664,-7.510152,-25.550834,False,True
478,1628396,Tony Bradley,ATL,41,10.992358,3.951220,2.829268,0.536585,0.048780,0.146341,0.170732,0.439024,1.560976,2.853659,0.547009,0.780488,1.048780,0.744186,-1.794447,-1.068193,-1.373930,-1.620355,-2.359918,-0.962429,1.516165,0.327193,-0.179009,-7.514922,-25.580390,False,False
479,203486,Mason Plumlee,SAS,20,8.574417,1.550000,2.650000,1.000000,0.000000,0.500000,0.000000,0.600000,0.550000,0.700000,0.785714,0.450000,0.700000,0.642857,-2.206197,-1.150890,-1.134519,-1.673225,-1.340839,-1.351727,1.312665,0.373708,-0.371152,-7.542175,-25.749244,False,False
480,1641807,Norchad Omier,LAC,6,3.944444,2.833333,1.166667,0.333333,0.000000,0.166667,0.000000,0.000000,1.166667,1.666667,0.700000,0.500000,0.500000,1.000000,-1.986137,-1.835159,-1.478934,-1.673225,-2.301350,-1.351727,2.071164,0.638898,0.368496,-7.547974,-25.785176,False,True
481,1642859,Jase Richardson,ORL,54,10.865710,4.425926,1.166667,1.074074,0.518519,0.351852,0.037037,0.462963,1.648148,3.481481,0.473404,0.611111,0.851852,0.717391,-1.713046,-1.835159,-1.096251,-1.111239,-1.767733,-1.267276,1.485903,-0.050848,-0.226384,-7.582035,-25.996213,False,False
482,1631218,Trayce Jackson-Davis,TOR,53,9.359182,3.415094,2.735849,0.735849,0.018868,0.320755,0.452830,0.433962,1.339623,2.339623,0.572581,0.716981,1.396226,0.513514,-1.886379,-1.111288,-1.270986,-1.652775,-1.857340,-0.319196,1.522564,0.373326,-1.381080,-7.583153,-26.003142,False,False
483,1641747,DaRon Holmes II,DEN,25,8.380400,3.720000,1.400000,0.640000,0.800000,0.040000,0.240000,0.480000,1.240000,2.440000,0.508197,0.440000,0.560000,0.785714,-1.834095,-1.727521,-1.320503,-0.806162,-2.666344,-0.804486,1.464365,0.113452,-0.013067,-7.594361,-26.072586,False,False
484,1641871,Duop Reath,POR,32,8.067813,2.937500,1.187500,0.312500,0.718750,0.156250,0.250000,0.218750,1.031250,2.312500,0.445946,0.156250,0.187500,0.833333,-1.968275,-1.825549,-1.489697,-0.894223,-2.331366,-0.781684,1.794628,-0.145288,0.027305,-7.614148,-26.195185,False,False
485,1641763,Julian Phillips,MIN,48,8.896181,2.916667,1.020833,0.208333,0.416667,0.458333,0.145833,0.229167,1.062500,2.520833,0.421488,0.375000,0.479167,0.782609,-1.971847,-1.902433,-1.543512,-1.221629,-1.460903,-1.019202,1.781459,-0.266655,-0.016460,-7.621182,-26.238767,False,False
486,1642261,Dalton Knecht,LAL,54,10.239414,4.222222,1.388889,0.388889,0.703704,0.203704,0.203704,0.425926,1.611111,3.537037,0.455497,0.296296,0.407407,0.727273,-1.747976,-1.732647,-1.450233,-0.910530,-2.194626,-0.887247,1.532724,-0.162892,-0.093987,-7.647416,-26.401306,False,False
487,1643024,Chris Mañon,LAL,9,5.120556,0.777778,1.111111,0.333333,0.000000,0.555556,0.222222,0.111111,0.222222,0.666667,0.333333,0.333333,0.444444,0.750000,-2.338614,-1.860787,-1.478934,-1.673225,-1.180754,-0.845022,1.930701,-0.173731,-0.066691,-7.687056,-26.646913,False,True
488,203482,Kelly Olynyk,SAS,42,8.576508,3.166667,1.809524,1.166667,0.285714,0.357143,0.071429,0.571429,1.119048,2.285714,0.489583,0.642857,0.904762,0.710526,-1.928978,-1.538606,-1.048416,-1.363559,-1.752487,-1.188857,1.348784,0.031561,-0.262484,-7.703041,-26.745957,False,False
489,1641722,Jordan Hawkins,NOP,51,13.568137,5.058824,1.725490,0.823529,0.921569,0.254902,0.196078,0.666667,1.843137,5.039216,0.365759,0.450980,0.529412,0.851852,-1.604520,-1.577371,-1.225688,-0.674402,-2.047097,-0.904634,1.228388,-1.026240,0.111883,-7.719682,-26.849060,False,False
490,1642938,Curtis Jones,DEN,10,8.771667,2.900000,1.100000,1.000000,0.600000,0.400000,0.000000,0.200000,1.100000,2.700000,0.407407,0.100000,0.200000,0.500000,-1.974705,-1.865913,-1.134519,-1.022927,-1.628992,-1.351727,1.818331,-0.352372,-0.207420,-7.720245,-26.852547,False,True
491,1642449,Tolu Smith,DET,15,9.162778,3.733333,3.266667,0.866667,0.000000,0.133333,0.400000,0.466667,1.200000,2.400000,0.500000,1.333333,2.000000,0.666667,-1.831809,-0.866419,-1.203402,-1.673225,-2.397401,-0.439658,1.481221,0.077044,-0.891472,-7.745121,-27.006680,False,True
492,1641732,Colby Jones,DET,1,6.816667,2.000000,4.000000,2.000000,0.000000,0.000000,0.000000,0.000000,1.000000,3.000000,0.333333,0.000000,0.000000,,-2.129033,-0.528129,-0.617897,-1.673225,-2.781605,-1.351727,2.071164,-0.781788,0.000000,-7.792240,-27.298620,False,True
493,1643257,Jayson Kent,POR,5,4.493333,2.000000,1.000000,0.000000,0.200000,0.200000,0.200000,0.000000,0.800000,1.400000,0.571429,0.200000,0.200000,1.000000,-2.129033,-1.912043,-1.651142,-1.456459,-2.205299,-0.895693,2.071164,0.220561,0.147398,-7.810545,-27.412039,False,True
494,1631102,TyTy Washington Jr.,LAC,16,5.508021,1.312500,0.375000,1.062500,0.187500,0.375000,0.187500,0.187500,0.562500,1.187500,0.473684,0.000000,0.000000,,-2.246922,-2.200359,-1.102230,-1.470007,-1.701031,-0.924195,1.834133,-0.016760,0.000000,-7.827371,-27.516287,False,True
495,1629599,Amir Coffey,PHX,46,10.663080,3.239130,1.239130,0.586957,0.369565,0.195652,0.108696,0.195652,1.195652,2.456522,0.486726,0.478261,0.608696,0.785714,-1.916553,-1.801731,-1.347907,-1.272679,-2.217827,-1.103882,1.823827,0.021592,-0.014203,-7.829363,-27.528633,False,False
496,1642355,Bronny James,LAL,42,8.940278,2.904762,0.547619,1.214286,0.523810,0.452381,0.095238,0.595238,1.119048,2.738095,0.408696,0.142857,0.166667,0.857143,-1.973888,-2.120729,-1.023815,-1.105505,-1.478055,-1.134568,1.318685,-0.351149,0.038351,-7.830671,-27.536738,False,False
497,1631115,Orlando Robinson,ORL,4,6.204167,1.750000,1.000000,0.750000,0.250000,0.250000,0.000000,0.000000,0.750000,1.250000,0.600000,0.000000,0.000000,,-2.171902,-1.912043,-1.263675,-1.402267,-2.061222,-1.351727,2.071164,0.259650,0.000000,-7.832023,-27.545111,False,True
498,1630587,Isaiah Livers,PHX,36,9.648889,1.805556,1.694444,0.583333,0.333333,0.361111,0.222222,0.333333,0.611111,1.777778,0.343750,0.250000,0.333333,0.750000,-2.162375,-1.591693,-1.349779,-1.311948,-1.741052,-0.845022,1.649776,-0.430760,-0.050018,-7.832871,-27.550367,False,False
499,1642939,Miles Kelly,DAL,14,9.551667,3.071429,1.714286,0.857143,0.714286,0.285714,0.071429,0.428571,1.142857,3.142857,0.363636,0.071429,0.071429,1.000000,-1.945309,-1.582540,-1.208323,-0.899061,-1.958310,-1.188857,1.529379,-0.651760,0.052642,-7.852139,-27.669751,False,True
500,1643047,CJ Huntley,PHX,4,10.100000,3.000000,1.250000,0.500000,0.000000,0.250000,0.000000,0.000000,1.500000,2.750000,0.545455,0.000000,0.000000,,-1.957558,-1.796717,-1.392831,-1.673225,-2.061222,-1.351727,2.071164,0.307803,0.000000,-7.854312,-27.683215,False,True
501,1628467,Maxi Kleber,LAL,43,10.721163,2.000000,1.953488,0.627907,0.139535,0.418605,0.255814,0.395349,0.767442,1.697674,0.452055,0.325581,0.604651,0.538462,-2.129033,-1.472195,-1.326751,-1.521993,-1.575382,-0.768427,1.571378,-0.088447,-0.544568,-7.855417,-27.690062,False,False
502,1642885,Mohamed Diawara,NYK,69,9.190604,3.565217,1.362319,0.768116,0.695652,0.246377,0.086957,0.434783,1.304348,3.086957,0.422535,0.260870,0.347826,0.750000,-1.860637,-1.744904,-1.254316,-0.919257,-2.071663,-1.153451,1.521527,-0.320861,-0.052193,-7.855753,-27.692143,False,False
503,1629162,Jordan McLaughlin,SAS,44,6.400379,2.022727,0.727273,0.863636,0.386364,0.454545,0.045455,0.340909,0.750000,1.795455,0.417722,0.136364,0.159091,0.857143,-2.125136,-2.037854,-1.204968,-1.254473,-1.471818,-1.248083,1.640199,-0.201799,0.036608,-7.867323,-27.763827,False,False
504,1642354,KJ Simpson,DEN,20,12.880500,4.550000,1.850000,2.150000,0.600000,0.800000,0.000000,1.250000,1.700000,4.950000,0.343434,0.550000,0.900000,0.611111,-1.691771,-1.519934,-0.540404,-1.022927,-0.476379,-1.351727,0.490959,-1.202140,-0.578572,-7.892895,-27.922267,False,False
505,1641801,Emanuel Miller,SAS,5,6.610000,3.000000,0.600000,0.800000,0.400000,0.400000,0.000000,0.000000,1.200000,2.600000,0.461538,0.200000,0.400000,0.500000,-1.957558,-2.096565,-1.237844,-1.239693,-1.628992,-1.351727,2.071164,-0.092154,-0.414840,-7.948209,-28.264992,False,True
506,1642910,John Tonje,BOS,6,6.983056,2.500000,1.000000,0.333333,0.500000,0.333333,0.000000,0.000000,0.666667,2.333333,0.285714,0.666667,0.666667,1.000000,-2.043295,-1.912043,-1.478934,-1.131310,-1.821094,-1.351727,2.071164,-0.803189,0.491328,-7.979102,-28.456396,False,True
507,204060,Joe Ingles,MIN,27,5.655123,1.518519,0.703704,1.259259,0.259259,0.333333,0.074074,0.518519,0.592593,1.000000,0.592593,0.074074,0.074074,1.000000,-2.211595,-2.048726,-1.000580,-1.392232,-1.821094,-1.182825,1.415671,0.194711,0.054592,-7.992078,-28.536799,False,False
508,1641794,Dillon Jones,NYK,7,5.626905,1.285714,1.000000,0.571429,0.142857,0.428571,0.000000,0.000000,0.285714,1.285714,0.222222,0.571429,0.571429,1.000000,-2.251515,-1.912043,-1.355929,-1.518392,-1.546663,-1.351727,2.071164,-0.585935,0.421138,-8.029903,-28.771154,False,True
509,1642367,Jonathan Mogbo,TOR,40,6.222417,1.525000,1.700000,0.625000,0.000000,0.275000,0.200000,0.350000,0.650000,1.100000,0.590909,0.225000,0.350000,0.642857,-2.210484,-1.589130,-1.328253,-1.673225,-1.989184,-0.895693,1.628706,0.210930,-0.185576,-8.031906,-28.783569,False,False
510,1643253,Toby Okani,MEM,6,36.181667,10.000000,3.500000,1.000000,1.500000,0.666667,0.500000,0.500000,4.166667,11.666667,0.357143,0.166667,1.333333,0.125000,-0.757230,-0.758781,-1.134519,-0.047482,-0.860583,-0.211641,1.439082,-2.552456,-3.156892,-8.040503,-28.836833,False,True
511,1631166,Drew Timme,LAL,27,8.706728,3.407407,1.222222,0.851852,0.407407,0.222222,0.000000,0.481481,1.407407,2.444444,0.575758,0.185185,0.333333,0.555556,-1.887697,-1.809531,-1.211056,-1.231665,-2.141265,-1.351727,1.462492,0.403690,-0.279993,-8.046751,-28.875545,False,False
512,1642886,Koby Brea,PHX,12,6.988889,3.750000,0.666667,0.833333,1.083333,0.083333,0.000000,0.333333,1.250000,3.000000,0.416667,0.166667,0.166667,1.000000,-1.828951,-2.065812,-1.220623,-0.499077,-2.541478,-1.351727,1.649776,-0.342741,0.122832,-8.077801,-29.067926,False,True
513,1628998,Cody Martin,IND,4,13.795000,1.750000,3.500000,0.500000,0.000000,1.000000,0.500000,1.000000,0.500000,2.500000,0.200000,0.750000,1.500000,0.500000,-2.171902,-0.758781,-1.392831,-1.673225,0.099928,-0.211641,0.807000,-1.236885,-1.555650,-8.093986,-29.168210,False,True
514,1642419,Jamison Battle,TOR,61,8.471776,3.147541,1.459016,0.393443,0.573770,0.114754,0.049180,0.311475,1.213115,2.377049,0.510345,0.147541,0.229508,0.642857,-1.932258,-1.700297,-1.447880,-1.051356,-2.450938,-1.239587,1.677408,0.119492,-0.121689,-8.147105,-29.497327,False,False
515,1630256,Jae'Sean Tate,HOU,46,8.798333,2.804348,1.586957,0.543478,0.217391,0.217391,0.065217,0.347826,1.217391,2.369565,0.513761,0.152174,0.239130,0.636364,-1.991107,-1.641277,-1.370369,-1.437610,-2.155185,-1.203020,1.631454,0.133334,-0.132301,-8.166080,-29.614895,False,False
516,1631120,JD Davison,HOU,28,7.800595,2.464286,1.214286,1.250000,0.285714,0.214286,0.214286,0.250000,0.857143,2.285714,0.375000,0.464286,0.678571,0.684211,-2.049419,-1.813192,-1.005364,-1.363559,-2.164134,-0.863119,1.755123,-0.428392,-0.260223,-8.192280,-29.777227,False,False
517,1642484,RayJ Dennis,ATL,17,12.131373,4.352941,1.529412,1.941176,0.823529,0.235294,0.235294,1.000000,1.529412,4.882353,0.313253,0.470588,0.529412,0.888889,-1.725561,-1.667823,-0.648286,-0.780660,-2.103598,-0.815216,0.807000,-1.444496,0.181456,-8.197185,-29.807617,False,True
518,1642964,Brooks Barnhizer,OKC,40,8.697042,1.700000,1.950000,0.550000,0.175000,0.275000,0.125000,0.250000,0.675000,1.775000,0.380282,0.175000,0.250000,0.700000,-2.180475,-1.473804,-1.366999,-1.483555,-1.989184,-1.066705,1.755123,-0.316209,-0.081866,-8.203674,-29.847826,False,False
519,1626192,Pat Connaughton,CHA,42,7.059960,2.619048,1.452381,0.428571,0.500000,0.261905,0.023810,0.261905,0.904762,2.023810,0.447059,0.309524,0.476190,0.650000,-2.022881,-1.703358,-1.429732,-1.131310,-2.026918,-1.297437,1.740073,-0.123195,-0.240415,-8.235174,-30.042995,False,False
520,1641810,Antonio Reeves,CHA,10,6.767667,2.700000,0.800000,0.300000,0.700000,0.100000,0.000000,0.100000,1.000000,2.000000,0.500000,0.000000,0.000000,,-2.009000,-2.004304,-1.496155,-0.914545,-2.493452,-1.351727,1.944747,0.064203,0.000000,-8.260232,-30.198253,False,True
521,1629634,Brandon Clarke,MEM,2,10.219166,4.000000,3.000000,0.500000,0.000000,1.000000,0.000000,0.000000,1.500000,4.500000,0.333333,1.000000,2.000000,0.500000,-1.786082,-0.989434,-1.392831,-1.673225,0.099928,-1.351727,2.071164,-1.172681,-2.074200,-8.269088,-30.253122,False,True
522,1642873,Amari Williams,BOS,22,6.623788,1.363636,1.818182,0.454545,0.000000,0.136364,0.454545,0.500000,0.454545,0.909091,0.500000,0.454545,0.636364,0.714286,-2.238154,-1.534612,-1.416313,-1.673225,-2.388669,-0.315285,1.439082,0.029183,-0.176129,-8.274122,-30.284311,False,False
523,1630649,Stanley Umude,SAS,2,3.283334,1.000000,0.000000,0.500000,0.000000,0.500000,0.000000,0.000000,0.500000,1.000000,0.500000,0.000000,0.000000,,-2.300508,-2.373348,-1.392831,-1.673225,-1.340839,-1.351727,2.071164,0.032102,0.000000,-8.329212,-30.625643,False,True
524,1631216,Caleb Houstan,ATL,18,4.192593,2.333333,0.611111,0.222222,0.611111,0.111111,0.055556,0.222222,0.777778,1.444444,0.538462,0.166667,0.166667,1.000000,-2.071874,-2.091440,-1.536337,-1.010885,-2.461435,-1.225051,1.790238,0.143935,0.122832,-8.340016,-30.692584,False,True
525,1641755,Kevin McCullar Jr.,NYK,21,7.380635,2.380952,1.333333,0.952381,0.380952,0.428571,0.000000,0.571429,0.952381,2.238095,0.425532,0.095238,0.238095,0.400000,-2.063709,-1.758275,-1.159120,-1.260338,-1.546663,-1.351727,1.348784,-0.220851,-0.331409,-8.343307,-30.712974,False,False
526,1631104,Blake Wesley,POR,31,11.639301,4.774194,1.258065,2.000000,0.322581,0.516129,0.161290,1.000000,1.806452,4.000000,0.451613,0.838710,1.516129,0.553191,-1.653327,-1.792997,-0.617897,-1.323602,-1.294363,-0.983957,0.807000,-0.211500,-1.286234,-8.356877,-30.797050,False,False
527,1642368,N'Faly Dante,ATL,4,3.854167,0.750000,1.750000,0.000000,0.000000,0.500000,0.000000,0.250000,0.250000,1.000000,0.250000,0.250000,0.250000,1.000000,-2.343377,-1.566065,-1.651142,-1.673225,-1.340839,-1.351727,1.755123,-0.406945,0.184248,-8.393948,-31.026739,False,True
528,1642260,Nikola Topić,OKC,10,16.008333,5.200000,1.900000,4.400000,0.600000,0.500000,0.000000,2.500000,2.200000,5.100000,0.431373,0.200000,0.500000,0.400000,-1.580312,-1.496869,0.621997,-1.022927,-1.340839,-1.351727,-1.089245,-0.450946,-0.695959,-8.406828,-31.106541,False,True
529,1630214,Xavier Tillman,CHA,30,6.129278,1.466667,1.433333,0.433333,0.100000,0.300000,0.166667,0.266667,0.666667,1.533333,0.434783,0.033333,0.133333,0.250000,-2.220486,-1.712145,-1.427272,-1.564842,-1.917146,-0.971698,1.734053,-0.126396,-0.256553,-8.462484,-31.451381,False,False
530,203078,Bradley Beal,LAC,6,20.152778,8.166667,0.833333,1.666667,1.166667,0.500000,0.000000,1.500000,3.000000,8.000000,0.375000,1.000000,1.333333,0.750000,-1.071601,-1.988927,-0.790104,-0.408758,-1.340839,-1.351727,0.174918,-1.499372,-0.200072,-8.476483,-31.538115,False,True
531,1642384,Isaiah Crawford,HOU,14,6.578571,2.000000,1.142857,0.357143,0.214286,0.142857,0.214286,0.285714,0.714286,1.714286,0.416667,0.357143,0.428571,0.833333,-2.129033,-1.846143,-1.466634,-1.440976,-2.369958,-0.863119,1.709974,-0.195852,0.062412,-8.539327,-31.927495,False,True
532,1642950,Lachlan Olbrich,CHI,37,9.303288,2.405405,3.027027,1.135135,0.054054,0.324324,0.216216,0.432432,0.972973,2.081081,0.467532,0.405405,1.081081,0.375000,-2.059516,-0.976966,-1.064705,-1.614639,-1.847054,-0.858717,1.524498,-0.051855,-1.600674,-8.549628,-31.991315,False,False
533,1642959,Chris Youngblood,POR,34,5.443873,2.088235,0.823529,0.352941,0.529412,0.117647,0.088235,0.058824,0.647059,1.852941,0.349206,0.264706,0.294118,0.900000,-2.113903,-1.993450,-1.468804,-1.099433,-2.442602,-1.150535,1.996801,-0.431216,0.112404,-8.590738,-32.246031,False,False
534,1642918,Alijah Martin,TOR,23,6.331087,2.217391,0.913043,0.521739,0.173913,0.347826,0.173913,0.347826,0.695652,2.173913,0.320000,0.652174,0.826087,0.789474,-2.091756,-1.952157,-1.381600,-1.484733,-1.779333,-0.955175,1.631454,-0.617417,-0.008256,-8.638971,-32.544877,False,False
535,1642353,Cam Christie,LAC,55,8.722727,2.836364,1.418182,0.563636,0.218182,0.290909,0.054545,0.400000,0.963636,2.527273,0.381295,0.690909,0.909091,0.760000,-1.985617,-1.719134,-1.359955,-1.436753,-1.943341,-1.227354,1.565498,-0.445726,-0.104156,-8.656538,-32.653719,False,False
536,1630322,Lindy Waters III,SAS,40,7.116917,2.375000,0.725000,0.475000,0.675000,0.150000,0.025000,0.175000,0.825000,2.200000,0.375000,0.050000,0.075000,0.666667,-2.064730,-2.038902,-1.405746,-0.941640,-2.349375,-1.294723,1.849935,-0.412327,-0.033430,-8.690939,-32.866863,False,False
537,1630621,Hunter Dickinson,NOP,5,8.495667,2.400000,1.000000,0.400000,0.000000,0.200000,0.400000,0.600000,1.000000,2.800000,0.357143,0.400000,0.400000,1.000000,-2.060443,-1.912043,-1.444493,-1.673225,-2.205299,-0.439658,1.312665,-0.612589,0.294797,-8.740287,-33.172622,False,True
538,1642884,Vladislav Goldin,MIA,9,2.662407,0.777778,1.000000,0.333333,0.000000,0.000000,0.333333,0.333333,0.333333,0.444444,0.750000,0.111111,0.111111,1.000000,-2.338614,-1.912043,-1.478934,-1.673225,-2.781605,-0.591670,1.649776,0.209399,0.081888,-8.835028,-33.759625,False,True
539,1630658,Colin Castleton,ORL,4,5.345833,1.250000,2.000000,0.250000,0.000000,0.250000,0.000000,0.500000,0.500000,1.250000,0.400000,0.250000,0.250000,1.000000,-2.257639,-1.450738,-1.521986,-1.673225,-2.061222,-1.351727,1.439082,-0.179396,0.184248,-8.872604,-33.992440,False,True
540,1641748,Andre Jackson Jr.,MIL,48,8.502257,2.354167,1.500000,0.895833,0.312500,0.395833,0.083333,0.645833,0.812500,2.479167,0.327731,0.416667,0.666667,0.625000,-2.068302,-1.681391,-1.188334,-1.334528,-1.640999,-1.161713,1.254725,-0.670452,-0.395718,-8.886712,-34.079852,False,False
541,1642404,Chaz Lanier,DET,34,7.706029,2.352941,0.676471,0.500000,0.558824,0.205882,0.000000,0.088235,0.823529,2.617647,0.314607,0.147059,0.176471,0.833333,-2.068512,-2.061289,-1.392831,-1.067556,-2.188349,-1.351727,1.959620,-0.768236,0.025699,-8.913180,-34.243843,False,False
542,1631210,Jacob Toppin,ATL,5,3.373333,1.600000,0.200000,0.200000,0.000000,0.000000,0.200000,0.000000,0.800000,1.200000,0.666667,0.000000,0.000000,,-2.197623,-2.281087,-1.547817,-1.673225,-2.781605,-0.895693,2.071164,0.389759,0.000000,-8.916127,-34.262106,False,True
543,203648,Thanasis Antetokounmpo,MIL,34,4.351716,1.382353,0.882353,0.441176,0.000000,0.382353,0.176471,0.294118,0.441176,0.941176,0.468750,0.500000,0.882353,0.566667,-2.234944,-1.966314,-1.423220,-1.673225,-1.679843,-0.949344,1.699351,-0.021439,-0.706372,-8.955350,-34.505123,False,False
544,1641723,Kobe Bufkin,LAL,16,7.467708,2.875000,0.812500,0.625000,0.312500,0.125000,0.187500,0.312500,0.937500,3.125000,0.300000,0.687500,0.750000,0.916667,-1.978992,-1.998538,-1.328253,-1.334528,-2.421414,-0.924195,1.676112,-0.997298,0.330983,-8.976122,-34.633829,False,True
545,1641816,Hunter Tyson,DEN,21,7.709524,2.190476,1.714286,0.809524,0.333333,0.095238,0.047619,0.238095,0.666667,2.476190,0.269231,0.523810,0.619048,0.846154,-2.096371,-1.582540,-1.232924,-1.311948,-2.507174,-1.243147,1.770172,-0.924045,0.118311,-9.009665,-34.841657,False,False
546,1642876,Adou Thiero,LAL,25,5.956133,1.880000,1.120000,0.400000,0.040000,0.280000,0.080000,0.360000,0.640000,1.240000,0.516129,0.560000,0.880000,0.636364,-2.149610,-1.856687,-1.444493,-1.629871,-1.974776,-1.169313,1.616065,0.074930,-0.486866,-9.020622,-34.909541,False,False
547,201145,Jeff Green,HOU,30,5.827222,2.233333,0.833333,0.266667,0.400000,0.066667,0.066667,0.133333,0.833333,2.266667,0.367647,0.166667,0.166667,1.000000,-2.089022,-1.988927,-1.513376,-1.239693,-2.589503,-1.199715,1.902608,-0.454092,0.122832,-9.048888,-35.084679,False,False
548,1628420,Monte Morris,IND,6,10.769444,3.000000,1.166667,1.500000,0.333333,0.166667,0.166667,0.333333,1.166667,3.333333,0.350000,0.333333,0.666667,0.500000,-1.957558,-1.835159,-0.876208,-1.311948,-2.301350,-0.971698,1.649776,-0.771087,-0.691400,-9.066633,-35.194622,False,True
549,1630209,Omer Yurtseven,GSW,9,11.550556,3.777778,3.333333,0.888889,0.000000,0.222222,0.111111,1.000000,1.222222,2.888889,0.423077,1.333333,2.000000,0.666667,-1.824188,-0.835665,-1.191922,-1.673225,-2.141265,-1.098374,0.807000,-0.297525,-0.891472,-9.146636,-35.690312,False,True
550,1631127,Harrison Ingram,SAS,7,3.730952,1.571429,0.428571,0.142857,0.142857,0.000000,0.000000,0.142857,0.714286,0.857143,0.833333,0.000000,0.000000,,-2.202522,-2.175646,-1.577339,-1.518392,-2.781605,-1.351727,1.890569,0.529283,0.000000,-9.187379,-35.942755,False,True
551,1642358,AJ Johnson,DAL,48,9.446528,3.333333,1.145833,0.979167,0.250000,0.229167,0.062500,0.625000,1.187500,3.666667,0.323864,0.708333,0.833333,0.850000,-1.900399,-1.844770,-1.145282,-1.402267,-2.121254,-1.209216,1.281061,-1.016497,0.170637,-9.187987,-35.946521,False,False
552,1642359,Pacôme Dadiet,NYK,29,4.681379,1.655172,0.931034,0.413793,0.241379,0.103448,0.034483,0.103448,0.551724,1.655172,0.333333,0.310345,0.379310,0.818182,-2.188162,-1.943857,-1.437367,-1.411611,-2.483516,-1.273100,1.940388,-0.431331,0.034846,-9.193710,-35.981981,False,False
553,202687,Bismack Biyombo,SAS,25,5.654133,0.920000,1.040000,0.200000,0.000000,0.160000,0.080000,0.320000,0.360000,0.600000,0.600000,0.200000,0.280000,0.714286,-2.314226,-1.893591,-1.547817,-1.673225,-2.320560,-1.169313,1.666631,0.124632,-0.077497,-9.204966,-36.051720,False,False
554,1628502,Nigel Hayes-Davis,PHX,27,7.230123,1.259259,1.222222,0.259259,0.074074,0.296296,0.074074,0.296296,0.555556,1.703704,0.326087,0.074074,0.148148,0.500000,-2.256052,-1.809531,-1.517203,-1.592941,-1.927818,-1.182825,1.696597,-0.465659,-0.153644,-9.209077,-36.077190,False,False
555,1630164,James Wiseman,IND,4,14.615417,3.250000,2.000000,0.750000,0.000000,0.000000,0.250000,1.250000,1.500000,2.500000,0.600000,0.250000,0.500000,0.500000,-1.914689,-1.450738,-1.263675,-1.673225,-2.781605,-0.781684,0.490959,0.519301,-0.518550,-9.373906,-37.098455,False,True
556,1630828,Alex Antetokounmpo,MIL,6,3.439722,3.166667,1.000000,0.166667,0.333333,0.000000,0.166667,0.166667,0.500000,1.333333,0.375000,1.833333,2.500000,0.733333,-1.928978,-1.912043,-1.565038,-1.311948,-2.781605,-0.971698,1.860470,-0.249895,-0.522976,-9.383713,-37.159218,False,True
557,1630548,Johnny Juzang,MIN,21,4.176111,2.047619,0.809524,0.285714,0.285714,0.095238,0.047619,0.238095,0.761905,1.809524,0.421053,0.238095,0.380952,0.625000,-2.120867,-1.999911,-1.503535,-1.363559,-2.507174,-1.243147,1.770172,-0.192795,-0.226125,-9.386941,-37.179217,False,False
558,1641998,Trey Jemison III,NYK,13,6.276026,1.000000,1.384615,0.384615,0.000000,0.076923,0.153846,0.769231,0.461538,0.769231,0.600000,0.076923,0.076923,1.000000,-2.300508,-1.734618,-1.452441,-1.673225,-2.559949,-1.000931,1.098730,0.159785,0.056692,-9.406466,-37.300190,False,True
559,1641809,Drew Peterson,CHA,6,10.711389,0.833333,1.500000,0.333333,0.000000,0.500000,0.166667,0.000000,0.333333,2.666667,0.125000,0.166667,0.333333,0.500000,-2.329087,-1.681391,-1.478934,-1.673225,-1.340839,-0.971698,2.071164,-1.670581,-0.345700,-9.420292,-37.385855,False,True
560,1642443,Jahmir Young,MIA,14,4.156786,1.785714,0.285714,0.642857,0.214286,0.071429,0.000000,0.214286,0.714286,1.785714,0.400000,0.142857,0.142857,1.000000,-2.165778,-2.241547,-1.319027,-1.440976,-2.575782,-1.351727,1.800271,-0.256280,0.105285,-9.445560,-37.542414,False,True
561,1642280,Trentyn Flowers,CHI,2,2.775000,2.000000,0.500000,0.500000,0.000000,0.000000,0.000000,0.500000,1.000000,1.500000,0.666667,0.000000,0.000000,,-2.129033,-2.142696,-1.392831,-1.673225,-2.781605,-1.351727,1.439082,0.487199,0.000000,-9.544835,-38.157513,False,True
562,1642905,Yang Hansen,POR,43,6.974264,2.209302,1.534884,0.511628,0.116279,0.069767,0.232558,0.744186,0.720930,2.325581,0.310000,0.651163,0.790698,0.823529,-2.093143,-1.665299,-1.386823,-1.547198,-2.580568,-0.821454,1.130391,-0.701334,0.087642,-9.577786,-38.361673,False,False
563,200768,Kyle Lowry,PHI,14,8.431429,1.214286,0.642857,0.785714,0.285714,0.142857,0.142857,0.285714,0.285714,1.785714,0.160000,0.357143,0.428571,0.833333,-2.263764,-2.076795,-1.245224,-1.363559,-2.369958,-1.025988,1.709974,-1.008931,0.062412,-9.581833,-38.386746,False,True
564,1642951,Sean Pedulla,LAC,7,4.428571,1.857143,0.428571,0.714286,0.428571,0.000000,0.000000,0.142857,0.714286,2.142857,0.333333,0.000000,0.000000,,-2.153529,-2.175646,-1.282126,-1.208727,-2.781605,-1.351727,1.890569,-0.558420,0.000000,-9.621211,-38.630729,False,True
565,1642403,Isaac Jones,DET,7,5.097619,1.285714,0.714286,0.142857,0.000000,0.000000,0.142857,0.142857,0.428571,1.000000,0.428571,0.428571,0.571429,0.750000,-2.251515,-2.043845,-1.577339,-1.673225,-2.781605,-1.025988,1.890569,-0.093340,-0.085745,-9.642033,-38.759740,False,True
566,202066,Garrett Temple,TOR,22,3.315303,0.772727,0.409091,0.409091,0.136364,0.181818,0.090909,0.318182,0.181818,0.681818,0.266667,0.272727,0.409091,0.666667,-2.339480,-2.184633,-1.439796,-1.525430,-2.257690,-1.144439,1.668930,-0.257506,-0.182347,-9.662390,-38.885868,False,False
567,1641813,Mark Sears,MIL,7,3.725952,3.142857,0.285714,0.285714,0.571429,0.000000,0.000000,0.571429,0.857143,1.857143,0.461538,0.857143,1.142857,0.750000,-1.933061,-2.241547,-1.503535,-1.053894,-2.781605,-1.351727,1.348784,-0.065824,-0.171490,-9.753900,-39.452853,False,True
568,1641752,Bobi Klintman,DET,12,5.948611,1.833333,1.583333,0.500000,0.333333,0.250000,0.000000,0.500000,0.750000,2.250000,0.333333,0.000000,0.250000,0.000000,-2.157612,-1.642949,-1.392831,-1.311948,-2.061222,-1.351727,1.439082,-0.586341,-0.702798,-9.768346,-39.542361,False,True
569,1631451,Javonte Cooke,POR,19,4.929737,1.210526,1.000000,0.368421,0.157895,0.315789,0.000000,0.473684,0.473684,2.157895,0.219512,0.105263,0.105263,1.000000,-2.264408,-1.912043,-1.460807,-1.502094,-1.871648,-1.351727,1.472349,-0.993682,0.077578,-9.806482,-39.778647,False,True
570,1631205,Buddy Boeheim,OKC,4,3.750833,1.500000,0.000000,0.000000,0.500000,0.000000,0.000000,0.000000,0.500000,1.500000,0.333333,0.000000,0.000000,,-2.214771,-2.373348,-1.651142,-1.131310,-2.781605,-1.351727,2.071164,-0.390894,0.000000,-9.823633,-39.884916,False,True
571,1642917,Max Shulga,BOS,11,3.297727,0.636364,0.545455,0.181818,0.090909,0.090909,0.000000,0.272727,0.181818,0.727273,0.250000,0.181818,0.181818,1.000000,-2.362863,-2.121727,-1.557210,-1.574695,-2.519648,-1.351727,1.726392,-0.295960,0.133999,-9.923440,-40.503305,False,True
572,1631211,Trevor Keels,MIA,8,1.868333,1.000000,0.250000,0.000000,0.250000,0.125000,0.000000,0.000000,0.375000,1.500000,0.250000,0.000000,0.000000,,-2.300508,-2.258022,-1.651142,-1.402267,-2.421414,-1.351727,2.071164,-0.610417,0.000000,-9.924334,-40.508843,False,True
573,203967,Dario Saric,SAC,5,8.249667,1.000000,1.200000,0.400000,0.200000,0.000000,0.000000,0.400000,0.200000,1.200000,0.166667,0.400000,0.400000,1.000000,-2.300508,-1.819782,-1.444493,-1.456459,-2.781605,-1.351727,1.565498,-0.663952,0.294797,-9.958232,-40.718873,False,True
574,1642855,Noa Essengue,CHI,2,3.016666,0.000000,0.000000,0.000000,0.000000,0.500000,0.000000,0.000000,0.000000,1.500000,0.000000,0.000000,0.000000,,-2.471984,-2.373348,-1.651142,-1.673225,-1.340839,-1.351727,2.071164,-1.268987,0.000000,-10.060087,-41.349956,False,True
575,1631457,Alex Morales,ORL,4,5.895833,2.000000,0.750000,1.000000,0.000000,0.000000,0.000000,1.000000,0.750000,1.750000,0.428571,0.500000,0.500000,1.000000,-2.129033,-2.027370,-1.134519,-1.673225,-2.781605,-1.351727,0.807000,-0.163345,0.368496,-10.085328,-41.506346,False,True
576,1628365,Markelle Fultz,TOR,5,7.153333,0.800000,0.200000,1.600000,0.000000,0.400000,0.000000,0.800000,0.400000,2.200000,0.181818,0.000000,0.000000,,-2.334803,-2.281087,-0.824546,-1.673225,-1.628992,-1.351727,1.059833,-1.158706,0.000000,-10.193253,-42.175042,False,True
577,1641787,Tosan Evbuomwan,CHA,5,1.542667,0.000000,0.400000,0.000000,0.000000,0.000000,0.000000,0.000000,0.000000,0.200000,0.000000,0.000000,0.000000,,-2.471984,-2.188826,-1.651142,-1.673225,-2.781605,-1.351727,2.071164,-0.169198,0.000000,-10.216543,-42.319342,False,True
578,1642282,Hunter Sallis,PHI,7,3.667619,1.000000,0.142857,0.571429,0.000000,0.000000,0.142857,0.714286,0.428571,0.714286,0.600000,0.142857,0.285714,0.500000,-2.300508,-2.307447,-1.355929,-1.673225,-2.781605,-1.025988,1.168190,0.148372,-0.296314,-10.424456,-43.607546,False,True
579,1641780,Johni Broome,PHI,11,4.978333,0.909091,1.454545,0.363636,0.000000,0.272727,0.181818,0.272727,0.363636,2.181818,0.166667,0.181818,0.545455,0.333333,-2.316097,-1.702359,-1.463279,-1.673225,-1.995733,-0.937150,1.726392,-1.207186,-0.888253,-10.456890,-43.808505,False,True
580,1642468,Darius Brown II,CLE,1,2.666667,0.000000,1.000000,0.000000,0.000000,0.000000,0.000000,0.000000,0.000000,1.000000,0.000000,0.000000,0.000000,,-2.471984,-1.912043,-1.651142,-1.673225,-2.781605,-1.351727,2.071164,-0.845991,0.000000,-10.616553,-44.797760,False,True
581,1643141,Jahmyl Telfort,LAC,8,4.004167,0.125000,0.375000,0.125000,0.000000,0.125000,0.000000,0.125000,0.000000,0.500000,0.000000,0.125000,0.500000,0.250000,-2.450549,-2.200359,-1.586564,-1.673225,-2.421414,-1.351727,1.913143,-0.422996,-0.962073,-11.155763,-48.138645,False,True
582,1642935,Chucky Hepburn,TOR,2,6.616666,0.000000,0.500000,1.000000,0.000000,0.500000,0.000000,0.500000,0.000000,3.000000,0.000000,0.000000,0.000000,,-2.471984,-2.142696,-1.134519,-1.673225,-1.340839,-1.351727,1.439082,-2.537973,0.000000,-11.213880,-48.498736,False,True
