rank,player_id,player_name,team,gp,min,pts,reb,ast,fg3m,stl,blk,tov,fgm,fga,fg_pct,ftm,fta,ft_pct,z_pts,z_reb,z_ast,z_fg3m,z_stl,z_blk,z_tov,z_fg_pct,z_ft_pct,raw_total,value,in_pool,low_sample
1,203999,Nikola Jokić,DEN,65,2264.855000,1799,836,697,112,92,53,243,644,1132,0.568905,399,480,0.831250,2.197979,3.345333,3.729541,0.182900,1.167776,0.510826,-2.628165,2.733230,1.178527,12.417948,100.000000,True,False
2,1628983,Shai Gilgeous-Alexander,OKC,68,2258.946667,2117,292,448,115,95,52,151,731,1321,0.553369,540,614,0.879479,2.985544,-0.274450,1.834712,0.229482,1.288946,0.476281,-0.882958,2.627548,3.239741,11.524847,94.528349,True,False
3,1641705,Victor Wembanyama,SAS,64,1865.648333,1600,736,199,122,66,197,155,553,1080,0.512037,372,450,0.826667,1.705132,2.679932,-0.060117,0.338174,0.117636,5.485221,-0.958836,0.925761,0.984222,11.217124,92.643061,True,False
4,1630178,Tyrese Maxey,PHI,70,2661.118333,1980,290,461,220,130,55,171,694,1501,0.462358,372,417,0.892086,2.646247,-0.287758,1.933639,1.859862,2.702596,0.579914,-1.262351,-0.755411,2.507812,9.924552,84.724018,True,False
5,202695,Kawhi Leonard,LAC,65,2084.728333,1813,413,234,172,122,27,133,635,1258,0.504769,371,416,0.891827,2.232652,0.530685,0.206224,1.114546,2.379476,-0.387329,-0.541504,0.827969,2.495485,8.858204,78.190960,True,False
6,1630567,Scottie Barnes,TOR,80,2680.776667,1448,600,474,68,114,116,210,569,1123,0.506679,242,297,0.814815,1.328686,1.774986,2.032566,-0.500307,2.056356,2.687124,-2.002167,0.797827,0.443681,8.618752,76.723936,True,False
7,201142,Kevin Durant,HOU,78,2839.823333,2026,426,372,186,62,71,246,716,1376,0.520349,408,467,0.873662,2.760172,0.617187,1.256371,1.331930,-0.043924,1.132625,-2.685074,1.492693,2.305192,8.167172,73.957299,True,False
8,1627750,Jamal Murray,DEN,75,2651.891667,1905,330,535,245,66,29,171,657,1360,0.483088,346,390,0.887179,2.460501,-0.021598,2.496761,2.248048,0.117636,-0.318240,-1.262351,0.087608,2.233494,8.041859,73.189559,True,False
9,1629029,Luka Dončić,LAL,64,2288.601667,2143,495,530,254,105,34,255,693,1457,0.475635,503,645,0.779845,3.049936,1.076314,2.458712,2.387795,1.692846,-0.145518,-2.855801,-0.203534,-0.355857,7.104894,67.449173,True,False
10,1628378,Donovan Mitchell,CLE,70,2342.063333,1952,316,398,224,104,20,198,678,1403,0.483250,372,430,0.865116,2.576902,-0.114754,1.454224,1.921972,1.652456,-0.629140,-1.774531,0.096600,1.907610,7.091340,67.366129,True,False
11,1626157,Karl-Anthony Towns,NYK,75,2321.781667,1504,889,226,113,65,40,187,517,1032,0.500969,357,416,0.858173,1.467376,3.697996,0.145346,0.198428,0.077246,0.061748,-1.565865,0.571816,1.676544,6.330635,62.705616,True,False
12,1629638,Nickeil Alexander-Walker,ATL,78,2603.176667,1624,268,286,251,102,42,162,548,1195,0.458577,277,307,0.902280,1.764571,-0.434147,0.601932,2.341213,1.571676,0.130837,-1.091624,-0.725145,2.029341,6.188655,61.835759,True,False
13,1630217,Desmond Bane,ORL,82,2756.045000,1647,338,338,167,86,37,164,583,1205,0.483817,314,346,0.907514,1.821533,0.031634,0.997639,1.036909,0.925436,-0.041885,-1.129563,0.101686,2.393081,6.136470,61.516046,True,False
14,1641708,Amen Thompson,HOU,79,2953.150000,1443,614,420,25,119,48,190,557,1044,0.533525,304,390,0.779487,1.316303,1.868142,1.621639,-1.167986,2.258306,0.338103,-1.622774,1.509243,-0.223331,5.897645,60.052869,True,False
15,1630552,Jalen Johnson,ATL,72,2531.598333,1621,740,566,120,89,31,244,600,1228,0.488599,301,382,0.787958,1.757141,2.706548,2.732663,0.307120,1.046606,-0.249152,-2.647135,0.264438,-0.029464,5.888766,59.998471,True,False
16,1631096,Chet Holmgren,OKC,69,1997.268333,1181,614,115,88,43,131,107,434,779,0.557125,225,284,0.792254,0.667428,1.868142,-0.699337,-0.189758,-0.811334,3.205290,-0.048294,1.629602,0.049454,5.671193,58.665492,True,False
17,1628969,Mikal Bridges,NYK,82,2691.935000,1181,312,304,156,107,62,83,472,963,0.490135,81,98,0.826531,0.667428,-0.141370,0.738907,0.866107,1.773626,0.821725,0.406978,0.247871,0.213562,5.594835,58.197677,True,False
18,1628401,Derrick White,BOS,77,2624.956667,1267,339,414,209,88,98,134,437,1108,0.394404,184,204,0.901961,0.880418,0.038288,1.575980,1.689061,1.006216,2.065324,-0.560474,-2.619541,1.344677,5.419949,57.126226,True,False
19,1630530,Trey Murphy III,NOP,66,2340.638333,1420,377,250,214,99,24,120,494,1050,0.470476,218,246,0.886179,1.259340,0.291141,0.327980,1.766698,1.450506,-0.490962,-0.294899,-0.295013,1.394420,5.409211,57.060440,True,False
20,201935,James Harden,CLE,70,2438.495000,1652,336,557,215,79,28,245,487,1123,0.433660,463,524,0.883588,1.833916,0.018326,2.664176,1.782225,0.642706,-0.352785,-2.666104,-1.447758,2.890807,5.365510,56.792701,True,False
21,1642270,Donovan Clingan,POR,77,2093.636667,934,892,162,84,44,130,95,356,684,0.520468,138,203,0.679803,0.055703,3.717958,-0.341678,-0.251868,-0.770944,3.170745,0.179342,0.744236,-1.299963,5.203532,55.800333,True,False
22,1630595,Cade Cunningham,DET,64,2171.671667,1531,355,634,125,92,54,236,548,1189,0.460892,310,382,0.811518,1.534245,0.144753,3.250127,0.384757,1.167776,0.545370,-2.495377,-0.646154,0.496999,4.382494,50.770181,True,False
23,1631105,Jalen Duren,DET,70,1975.853333,1365,737,138,0,57,59,130,522,803,0.650062,321,430,0.746512,1.123126,2.686586,-0.524312,-1.556172,-0.245874,0.718092,-0.484595,3.723537,-1.075678,4.364709,50.661218,True,False
24,1630168,Onyeka Okongwu,ATL,74,2296.968333,1123,562,231,144,82,79,127,413,860,0.480233,153,202,0.757426,0.523784,1.522133,0.183395,0.679778,0.763876,1.408980,-0.427686,-0.011855,-0.376356,4.266050,50.056774,True,False
25,1628389,Bam Adebayo,MIA,73,2364.685000,1468,732,232,127,86,49,120,506,1145,0.441921,329,423,0.777778,1.378218,2.653316,0.191005,0.415812,0.925436,0.372648,-0.294899,-1.217070,-0.284526,4.139940,49.284151,True,False
26,1642851,Kon Knueppel,CHA,81,2550.746667,1498,432,274,273,57,19,161,515,1084,0.475092,195,226,0.862832,1.452517,0.657112,0.510615,2.682816,-0.245874,-0.663685,-1.072654,-0.167536,0.972404,4.125714,49.196997,True,False
27,1630700,Dyson Daniels,ATL,76,2519.540000,901,520,449,22,149,31,135,402,777,0.517375,75,122,0.614754,-0.026025,1.242665,1.842322,-1.214568,3.470007,-0.249152,-0.579444,0.779606,-1.245479,4.019932,48.548913,True,False
28,1630162,Anthony Edwards,MIN,61,2136.593333,1757,302,226,205,83,49,174,602,1231,0.489033,348,437,0.796339,2.093961,-0.207910,0.145346,1.626951,0.804266,0.372648,-1.319260,0.279714,0.180524,3.976240,48.281234,True,False
29,1642276,Kel'el Ware,MIA,77,1703.821667,851,694,56,92,59,84,62,344,649,0.530046,71,96,0.739583,-0.149856,2.400463,-1.148312,-0.127648,-0.165094,1.581702,0.805340,0.876391,-0.279058,3.793928,47.164283,True,False
30,1628973,Jalen Brunson,NYK,74,2589.806667,1927,247,503,195,57,8,175,689,1475,0.467119,354,421,0.840855,2.514987,-0.573881,2.253249,1.471677,-0.245874,-1.043673,-1.338229,-0.550046,1.270209,3.758418,46.946731,True,False
31,1642263,Reed Sheppard,HOU,82,2146.923333,1110,238,277,227,122,54,123,407,946,0.430233,69,86,0.802326,0.491588,-0.633767,0.533444,1.968554,2.379476,0.545370,-0.351808,-1.308360,0.065644,3.690143,46.528436,True,False
32,1642843,Cooper Flagg,DAL,70,2343.858333,1473,466,316,72,84,64,161,559,1194,0.468174,283,342,0.827485,1.390601,0.883348,0.830224,-0.438197,0.844656,0.890814,-1.072654,-0.410743,0.764387,3.682437,46.481228,True,False
33,1629674,Neemias Queta,BOS,76,1926.206667,776,636,126,1,60,100,75,326,499,0.653307,123,175,0.702857,-0.335603,2.014530,-0.615629,-1.540644,-0.124704,2.134413,0.558735,2.358214,-0.884657,3.564654,45.759623,True,False
34,1630163,LaMelo Ball,CHA,72,2017.446667,1445,347,514,272,87,18,202,506,1244,0.406752,161,179,0.899441,1.321256,0.091520,2.336956,2.667289,0.965826,-0.698229,-1.850410,-2.520409,1.153507,3.467307,45.163215,True,False
35,1631157,Ryan Rollins,MIL,74,2375.483333,1281,338,414,184,110,31,201,486,1030,0.471845,125,157,0.796178,0.915090,0.031634,1.575980,1.300875,1.894796,-0.249152,-1.831440,-0.250794,0.063384,3.450375,45.059479,True,False
36,201942,DeMar DeRozan,SAC,77,2405.515000,1419,226,316,47,80,23,96,499,1005,0.496517,374,431,0.867749,1.256864,-0.713615,0.830224,-0.826383,0.683096,-0.525507,0.160373,0.434339,1.978432,3.277823,44.002329,True,False
37,203944,Julius Randle,MIN,79,2610.296667,1667,532,398,109,86,18,217,580,1207,0.480530,398,496,0.802419,1.871065,1.322513,1.454224,0.136318,0.925436,-0.698229,-2.134954,-0.006799,0.381321,3.250895,43.837353,True,False
38,1628384,OG Anunoby,NYK,67,2223.871667,1118,351,145,157,104,48,123,389,804,0.483831,183,221,0.828054,0.511401,0.118136,-0.471044,0.881634,1.652456,0.338103,-0.351808,0.068143,0.501301,3.248324,43.821598,True,False
39,1630202,Payton Pritchard,BOS,79,2555.523333,1345,312,408,212,58,10,109,506,1091,0.463795,121,136,0.889706,1.073594,-0.141370,1.530322,1.735643,-0.205484,-0.974584,-0.086233,-0.506158,0.798958,3.224688,43.676790,True,False
40,1630578,Alperen Sengun,HOU,72,2397.695000,1466,640,445,40,85,77,227,583,1123,0.519145,260,376,0.691489,1.373265,2.041146,1.811883,-0.935075,0.885046,1.339891,-2.324651,1.181220,-2.150777,3.221949,43.660014,True,False
41,1641824,Matas Buzelis,CHI,77,2248.248333,1252,448,158,173,55,116,159,446,963,0.463136,187,238,0.785714,0.843268,0.763576,-0.372117,1.130073,-0.326654,2.687124,-1.034715,-0.464144,-0.049596,3.176816,43.383499,True,False
42,1642845,VJ Edgecombe,PHI,75,2623.305000,1199,423,315,149,107,39,137,451,1030,0.437864,148,181,0.817680,0.712007,0.597225,0.822615,0.757415,1.773626,0.027204,-0.617383,-1.209275,0.300723,3.164157,43.305944,True,False
43,1630643,Jay Huff,IND,82,1719.243333,783,324,121,119,41,153,76,291,611,0.476268,82,99,0.828283,-0.318266,-0.061522,-0.653678,0.291592,-0.892114,3.965267,0.539765,-0.074752,0.225888,3.022180,42.436110,True,False
44,1627742,Brandon Ingram,TOR,77,2603.863333,1655,430,284,135,58,55,187,614,1288,0.476708,292,356,0.820225,1.841346,0.643804,0.586712,0.540031,-0.205484,0.579914,-1.565865,-0.142071,0.644478,2.922865,41.827649,True,False
45,1630183,Jaden McDaniels,MIN,73,2316.413333,1084,310,199,103,81,73,131,417,809,0.515451,147,176,0.835227,0.427196,-0.154678,-0.060117,0.043153,0.723486,1.201714,-0.503565,0.769102,0.473074,2.919365,41.806210,True,False
46,1631221,Collin Gillespie,PHX,80,2281.801667,1012,327,371,232,99,16,125,352,842,0.418052,76,87,0.873563,0.248880,-0.041560,1.248761,2.046192,1.450506,-0.767318,-0.389747,-1.445381,0.428946,2.779279,40.947960,True,False
47,1627759,Jaylen Brown,BOS,71,2442.838333,2038,492,364,140,72,27,259,736,1543,0.476993,426,536,0.794776,2.789891,1.056352,1.195493,0.617668,0.359976,-0.387329,-2.931679,-0.158165,0.172428,2.714636,40.551918,True,False
48,1631095,Jabari Smith Jr.,HOU,77,2705.365000,1215,529,143,177,56,71,105,438,975,0.449231,162,209,0.775120,0.751633,1.302551,-0.486263,1.192183,-0.286264,1.132625,-0.010354,-0.841206,-0.173079,2.581826,39.738250,True,False
49,1630193,Immanuel Quickley,TOR,70,2231.308333,1150,282,415,178,92,5,102,401,905,0.443094,170,207,0.821256,0.590653,-0.340990,1.583590,1.207710,1.167776,-1.147306,0.046555,-0.932904,0.387227,2.562310,39.618684,True,False
50,1628978,Donte DiVincenzo,MIN,82,2494.036667,1000,336,313,244,104,34,118,339,835,0.405988,78,105,0.742857,0.219160,0.018326,0.807395,2.232521,1.652456,-0.145518,-0.256960,-1.709233,-0.285112,2.533036,39.439335,True,False
51,1629675,Naz Reid,MIN,77,2007.350000,1046,477,170,162,76,78,126,397,871,0.455798,90,123,0.731707,0.333085,0.956542,-0.280800,0.959272,0.521536,1.374436,-0.408717,-0.594834,-0.414211,2.446309,38.907995,True,False
52,203952,Andrew Wiggins,MIA,68,2062.598333,1045,329,182,138,76,69,103,390,821,0.475030,127,162,0.783951,0.330608,-0.028252,-0.189483,0.586613,0.521536,1.063536,0.027585,-0.128278,-0.050471,2.133394,36.990899,True,False
53,1630577,Julian Champagnie,SAS,82,2265.963333,911,473,127,195,62,38,69,301,689,0.436865,114,135,0.844444,-0.001259,0.929926,-0.608019,1.471677,-0.043924,-0.007341,0.672553,-0.827774,0.435657,2.021495,36.305341,True,False
54,203497,Rudy Gobert,MIN,76,2380.046667,829,872,128,0,58,124,106,335,491,0.682281,159,302,0.526490,-0.204342,3.584878,-0.600410,-1.556172,-0.205484,2.963479,-0.029324,2.710001,-4.642321,2.020305,36.298047,True,False
55,1630596,Evan Mobley,CLE,65,2074.288333,1180,586,234,62,48,113,122,469,859,0.545984,180,297,0.606061,0.664952,1.681830,0.206224,-0.593471,-0.609384,2.583490,-0.332838,1.534880,-3.183061,1.952621,35.883377,True,False
56,1628368,De'Aaron Fox,SAS,72,2231.065000,1336,270,445,131,89,19,164,509,1047,0.486151,187,246,0.760163,1.051304,-0.420839,1.811883,0.477921,1.046606,-0.663685,-1.129563,0.155259,-0.418951,1.909937,35.621870,True,False
57,1641764,Brandin Podziemski,GSW,82,2332.673333,1133,419,304,153,88,15,131,394,866,0.454965,192,241,0.796680,0.548551,0.570609,0.738907,0.819525,1.006216,-0.801862,-0.503565,-0.611164,0.104375,1.871592,35.386949,True,False
58,1630180,Saddiq Bey,NOP,72,2245.575000,1271,400,182,151,68,7,68,436,967,0.450879,248,295,0.840678,0.890324,0.444183,-0.189483,0.788470,0.198416,-1.078217,0.691523,-0.790656,0.886995,1.841554,35.202919,True,False
59,1641706,Brandon Miller,CHA,65,1968.311667,1311,319,217,204,66,44,163,454,1044,0.434866,199,223,0.892377,0.989389,-0.094792,0.076859,1.611424,0.117636,0.199926,-1.110594,-1.311430,1.344896,1.823312,35.091158,True,False
60,1628970,Miles Bridges,CHA,77,2387.231667,1314,450,246,148,46,34,107,479,1042,0.459693,208,253,0.822134,0.996819,0.776884,0.297541,0.741888,-0.690164,-0.145518,-0.048294,-0.600471,0.486276,1.814961,35.039991,True,False
61,1641717,Cason Wallace,OKC,77,2046.070000,660,238,200,101,150,28,73,252,584,0.431507,55,68,0.808824,-0.622890,-0.633767,-0.052507,0.012098,3.510397,-0.352785,0.596674,-0.787318,0.077752,1.747653,34.627628,True,False
62,1628976,Wendell Carter Jr.,ORL,78,2288.351667,922,577,154,72,60,49,100,326,637,0.511774,198,250,0.792000,0.025984,1.621944,-0.402556,-0.438197,-0.124704,0.372648,0.084494,0.541438,0.039826,1.720876,34.463573,True,False
63,1626164,Devin Booker,PHX,64,2146.430000,1668,248,386,122,51,18,201,546,1198,0.455760,454,520,0.873077,1.873542,-0.567227,1.362907,0.338174,-0.488214,-0.698229,-1.831440,-0.819410,2.549022,1.719126,34.452853,True,False
64,1641739,Toumani Camara,POR,82,2731.236667,1100,421,201,219,94,35,144,392,891,0.439955,97,137,0.708029,0.466822,0.583917,-0.044898,1.844335,1.248556,-0.110974,-0.750170,-0.995060,-0.651112,1.591417,33.670433,True,False
65,1642852,Derik Queen,NOP,81,2023.380000,948,572,298,23,84,74,190,354,748,0.473262,217,273,0.794872,0.090376,1.588673,0.693249,-1.199041,0.844656,1.236258,-1.622774,-0.153096,0.089351,1.567652,33.524834,True,False
66,202696,Nikola Vučević,BOS,64,1818.118333,965,537,213,100,39,41,85,394,799,0.493116,77,93,0.827957,0.132479,1.355783,0.046420,-0.003429,-0.972894,0.096293,0.369039,0.270894,0.210425,1.505008,33.141041,True,False
67,1629028,Deandre Ayton,LAL,72,1958.385000,897,575,59,0,41,70,83,403,601,0.670549,91,141,0.645390,-0.035932,1.608636,-1.125483,-1.556172,-0.892114,1.098081,0.406978,3.124038,-1.186764,1.441267,32.750530,True,False
68,1630166,Deni Avdija,POR,66,2199.385000,1598,454,442,125,51,41,253,492,1064,0.462406,489,610,0.801639,1.700179,0.803500,1.789054,0.384757,-0.488214,0.096293,-2.817861,-0.534094,0.441131,1.374742,32.342958,True,False
69,1626167,Myles Turner,MIL,71,1911.803333,846,378,103,147,50,115,83,284,646,0.439628,131,177,0.740113,-0.162239,0.297795,-0.790654,0.726360,-0.528604,2.652579,0.406978,-0.727225,-0.509029,1.365961,32.289159,True,False
70,1641709,Ausar Thompson,DET,73,1895.610000,721,418,228,6,146,69,110,303,577,0.525130,109,191,0.570681,-0.471817,0.563955,0.160566,-1.463007,3.348837,1.063536,-0.105202,0.701481,-2.442309,1.356040,32.228376,True,False
71,1630572,Sandro Mamukelashvili,TOR,80,1750.691667,893,395,151,115,64,41,67,330,631,0.522979,118,158,0.746835,-0.045838,0.410913,-0.425385,0.229482,0.036856,0.096293,0.710492,0.729969,-0.392256,1.350525,32.194592,True,False
72,2544,LeBron James,LAL,60,1989.055000,1256,364,432,77,72,35,179,473,919,0.514690,233,316,0.737342,0.853175,0.204639,1.712956,-0.360560,0.359976,-0.110974,-1.414108,0.854518,-0.960000,1.139622,30.902475,True,False
73,1626220,Royce O'Neale,PHX,78,2213.053333,765,372,208,212,84,32,103,263,625,0.420800,27,38,0.710526,-0.362845,0.257871,0.008371,1.735643,0.844656,-0.214607,0.027585,-1.025848,-0.175050,1.095776,30.633848,True,False
74,203468,CJ McCollum,ATL,76,2263.371667,1424,252,293,191,64,35,135,525,1154,0.454939,183,237,0.772152,1.269247,-0.540611,0.655200,1.409567,0.036856,-0.110974,-0.579444,-0.815237,-0.237410,1.087195,30.581278,True,False
75,1630559,Austin Reaves,LAL,51,1761.650000,1187,240,280,118,56,20,151,373,762,0.489501,323,371,0.870620,0.682288,-0.620459,0.556273,0.276065,-0.286264,-0.629140,-0.882958,0.182911,1.765308,1.044024,30.316791,True,False
76,1630200,Tre Jones,CHI,65,1752.373333,914,204,350,41,76,11,92,341,617,0.552674,191,227,0.841410,0.006171,-0.860004,1.088956,-0.919547,0.521536,-0.940040,0.236251,1.215516,0.692251,1.041091,30.298820,True,False
77,1630245,Ayo Dosunmu,MIN,69,1881.043333,1022,237,249,123,58,18,96,386,747,0.516734,127,145,0.875862,0.273646,-0.640421,0.320371,0.353702,-0.205484,-0.698229,0.160373,0.736394,0.734408,1.034759,30.260029,True,False
78,1641718,Keyonte George,UTA,54,1786.108333,1275,199,332,134,58,14,166,402,881,0.456300,337,378,0.891534,0.900231,-0.893274,0.951980,0.524504,-0.205484,-0.836407,-1.167502,-0.589558,2.261064,0.945554,29.713503,True,False
79,1629008,Michael Porter Jr.,BKN,52,1688.603333,1259,367,158,176,55,13,122,444,958,0.463466,195,227,0.859031,0.860605,0.224601,-0.372117,1.176656,-0.326654,-0.870951,-0.332838,-0.453089,0.926235,0.832446,29.020542,True,False
80,1628404,Josh Hart,NYK,66,1993.575000,792,486,317,100,75,17,128,301,592,0.508446,90,125,0.720000,-0.295977,1.016428,0.837834,-0.003429,0.481146,-0.732773,-0.446656,0.449235,-0.506550,0.799259,28.817217,True,False
81,1642285,Cam Spencer,MEM,72,1714.451667,798,183,400,146,52,11,93,263,556,0.473022,126,134,0.940299,-0.281117,-0.999738,1.469444,0.710833,-0.447824,-0.940040,0.217281,-0.117460,1.183776,0.795155,28.792074,True,False
82,1627739,Kris Dunn,LAC,82,2230.000000,596,271,295,80,131,14,111,227,477,0.475891,62,81,0.765432,-0.781394,-0.414185,0.670419,-0.313978,2.742986,-0.836407,-0.124172,-0.063288,-0.112979,0.767003,28.619599,True,False
83,1631217,Moussa Diabaté,CHA,73,1898.956667,575,635,141,1,56,72,73,229,363,0.630854,116,176,0.659091,-0.833403,2.007876,-0.501483,-1.540644,-0.286264,1.167169,0.596674,1.492297,-1.340297,0.761925,28.588486,True,False
84,1631094,Paolo Banchero,ORL,72,2501.685000,1599,604,373,84,51,40,222,529,1152,0.459201,457,590,0.774576,1.702655,1.801602,1.263980,-0.251868,-0.488214,0.061748,-2.229802,-0.679366,-0.507348,0.673387,28.046052,True,False
85,1628381,John Collins,LAC,69,1871.478333,935,367,70,89,60,51,95,364,659,0.552352,118,154,0.766234,0.058180,0.224601,-1.041776,-0.174231,-0.124704,0.441737,0.179342,1.292444,-0.207579,0.648014,27.890604,True,False
86,1642271,Kyle Filipowski,UTA,77,1800.943333,879,552,198,74,73,39,125,323,657,0.491629,159,212,0.750000,-0.080511,1.455593,-0.067727,-0.407142,0.400366,0.027204,-0.389747,0.195982,-0.487075,0.646943,27.884042,True,False
87,201939,Stephen Curry,GSW,43,1328.728333,1142,154,203,190,49,17,121,374,799,0.468085,204,221,0.923077,0.570840,-1.192704,-0.029678,1.394040,-0.568994,-0.732773,-0.313869,-0.276810,1.729714,0.579765,27.472470,True,False
88,1630591,Jalen Suggs,ORL,57,1573.570000,786,220,312,122,105,40,152,282,649,0.434515,100,117,0.854701,-0.310836,-0.753539,0.799785,0.338174,1.692846,0.061748,-0.901927,-0.821490,0.447764,0.552525,27.305580,True,False
89,1631109,Mark Williams,PHX,60,1416.050000,700,477,58,1,55,55,65,282,438,0.643836,135,175,0.771429,-0.523826,0.956542,-1.133093,-1.540644,-0.326654,0.579914,0.748431,1.956333,-0.182707,0.534297,27.193909,True,False
90,1628374,Lauri Markkanen,UTA,42,1442.596667,1123,289,89,115,42,21,63,384,805,0.477019,240,268,0.895522,0.523784,-0.294412,-0.897190,0.229482,-0.851724,-0.594596,0.786371,-0.081948,1.665602,0.485368,26.894143,True,False
91,1642875,Maxime Raynaud,SAC,74,1963.880000,922,556,100,24,38,39,94,383,671,0.570790,132,168,0.785714,0.025984,1.482209,-0.813483,-1.183514,-1.013284,0.027204,0.198312,1.654782,-0.035009,0.343201,26.023144,True,False
92,1629640,Keldon Johnson,SAS,82,1911.466667,1081,440,111,99,46,11,70,414,797,0.519448,154,194,0.793814,0.419766,0.710344,-0.729776,-0.018956,-0.690164,-0.940040,0.653583,0.844927,0.051495,0.301180,25.765698,True,False
93,1628386,Jarrett Allen,CLE,56,1519.120000,860,476,100,1,55,47,75,337,528,0.638258,185,261,0.708812,-0.127567,0.949888,-0.813483,-1.540644,-0.326654,0.303559,0.558735,2.277664,-1.228483,0.053015,24.245297,True,False
94,1641750,Ryan Kalkbrenner,CHA,69,1479.131667,521,377,54,0,32,101,62,219,291,0.752577,83,116,0.715517,-0.967141,0.291141,-1.163532,-1.556172,-1.255624,2.168957,0.805340,2.166328,-0.500496,-0.011198,23.851890,True,False
95,1631222,Jake LaRavia,LAL,82,2061.470000,674,326,145,78,104,38,87,240,523,0.458891,116,152,0.763158,-0.588218,-0.048214,-0.471044,-0.345032,1.652456,-0.007341,0.331099,-0.312873,-0.232232,-0.021398,23.789402,True,False
96,1626181,Norman Powell,MIA,58,1716.936667,1261,202,143,156,64,14,111,421,895,0.470391,263,318,0.827044,0.865558,-0.873312,-0.486263,0.866107,0.036856,-0.836407,-0.124172,-0.253550,0.702536,-0.102647,23.291621,True,False
97,1630230,Naji Marshall,DAL,74,2183.740000,1128,348,241,62,82,6,119,419,821,0.510353,228,300,0.760000,0.536167,0.098174,0.259493,-0.593471,0.763876,-1.112762,-0.275929,0.665892,-0.513769,-0.172329,22.864712,True,False
98,1630170,Devin Vassell,SAS,67,2044.231667,932,269,167,166,57,25,60,330,755,0.437086,106,130,0.815385,0.050750,-0.427493,-0.303629,1.021381,-0.245874,-0.456418,0.843280,-0.902496,0.198537,-0.221962,22.560627,True,False
99,1628436,Luke Kornet,SAS,68,1430.080000,444,414,126,0,32,65,28,175,272,0.643382,94,114,0.824561,-1.157840,0.537339,-0.615629,-1.556172,-1.255624,0.925358,1.450308,1.211516,0.235297,-0.225447,22.539277,True,False
100,1629656,Quentin Grimes,PHI,75,2205.721667,1006,273,244,127,64,28,133,340,755,0.450331,199,237,0.839662,0.234020,-0.400877,0.282322,0.415812,0.036856,-0.352785,-0.541504,-0.628644,0.698524,-0.256277,22.350397,True,False
101,1631170,Jaime Jaquez Jr.,MIA,75,2121.210000,1152,375,352,58,51,21,152,464,915,0.507104,166,216,0.768519,0.595606,0.277833,1.104176,-0.655581,-0.488214,-0.594596,-0.901927,0.660712,-0.262281,-0.264273,22.301405,True,False
102,202699,Tobias Harris,DET,63,1745.450000,836,323,157,82,58,26,63,309,659,0.468892,136,157,0.866242,-0.187005,-0.068176,-0.379727,-0.282923,-0.205484,-0.421874,0.786371,-0.213741,0.706838,-0.265721,22.292538,True,False
103,1629130,Duncan Robinson,DET,77,2113.158333,939,205,159,220,44,22,54,318,698,0.455587,83,110,0.754545,0.068086,-0.853350,-0.364507,1.859862,-0.770944,-0.560051,0.957098,-0.480711,-0.223479,-0.367996,21.665938,True,False
104,203501,Tim Hardaway Jr.,DEN,80,2127.300000,1079,206,108,224,42,10,43,348,779,0.446727,159,196,0.811224,0.414813,-0.846696,-0.752605,1.921972,-0.851724,-0.974584,1.165764,-0.725524,0.251636,-0.396948,21.488564,True,False
105,1631108,Max Christie,DAL,77,2244.480000,945,249,151,180,47,27,96,320,725,0.441379,125,139,0.899281,0.082946,-0.560573,-0.425385,1.238765,-0.649774,-0.387329,0.160373,-0.781397,0.894433,-0.427941,21.298681,True,False
106,1630581,Josh Giddey,CHI,54,1731.356667,919,448,494,103,55,27,196,321,717,0.447699,174,228,0.763158,0.018554,0.763576,2.184761,0.043153,-0.326654,-0.387329,-1.736592,-0.648691,-0.348347,-0.437570,21.239692,True,False
107,1629627,Zion Williamson,NOP,62,1841.063333,1302,353,199,1,60,34,126,484,807,0.599752,333,465,0.716129,0.967099,0.131444,-0.060117,-1.540644,-0.124704,-0.145518,-0.408717,2.630240,-1.989657,-0.540574,20.608625,True,False
108,1629750,Javonte Green,DET,82,1445.961667,569,230,56,94,102,25,45,185,414,0.446860,105,125,0.840000,-0.848263,-0.686999,-1.148312,-0.096594,1.571676,-0.456418,1.127824,-0.384068,0.370888,-0.550266,20.549251,True,False
109,1629651,Nic Claxton,BKN,69,1920.366667,810,478,253,3,45,77,96,333,583,0.571184,141,229,0.615721,-0.251398,0.963196,0.350810,-1.509590,-0.730554,1.339891,0.160373,1.444046,-2.324880,-0.558105,20.501226,True,False
110,1641783,Tristan da Silva,ORL,77,1899.456667,762,284,124,120,68,25,69,279,620,0.450000,84,95,0.884211,-0.370275,-0.327682,-0.630849,0.307120,0.198416,-0.456418,0.672553,-0.521860,0.527557,-0.601439,20.235737,True,False
111,1629012,Collin Sexton,CHI,68,1613.203333,1050,155,223,112,76,10,141,360,742,0.485175,218,255,0.854902,0.342991,-1.186050,0.122517,0.182900,0.521536,-0.974584,-0.693261,0.090205,0.978896,-0.614851,20.153565,True,False
112,1642847,Jeremiah Fears,NOP,82,2111.903333,1169,300,279,101,97,30,178,437,1006,0.434394,194,246,0.788618,0.637709,-0.221218,0.548663,0.012098,1.369726,-0.283696,-1.395138,-1.276707,-0.009480,-0.618042,20.134013,True,False
113,1627783,Pascal Siakam,IND,62,2056.651667,1485,411,236,105,69,25,138,559,1155,0.483983,262,378,0.693122,1.420321,0.517377,0.221444,0.074208,0.238806,-0.456418,-0.636352,0.102694,-2.126124,-0.644044,19.974709,True,False
114,1630692,Jordan Goodwin,PHX,70,1571.776667,609,341,151,112,106,14,68,229,555,0.412613,39,56,0.696429,-0.749198,0.051596,-0.425385,0.182900,1.733236,-0.836407,0.691523,-1.035391,-0.304149,-0.691275,19.685349,True,False
115,1642281,Jaylon Tyson,CLE,66,1777.483333,872,338,147,133,54,28,99,330,670,0.492537,79,107,0.738318,-0.097847,0.031634,-0.455824,0.508976,-0.367044,-0.352785,0.103464,0.216532,-0.318955,-0.731849,19.436769,True,False
116,1630551,Justin Champagnie,WAS,69,1377.453333,597,384,84,53,59,43,45,232,462,0.502165,80,102,0.784314,-0.778917,0.337719,-0.935239,-0.733218,-0.165094,0.165381,1.127824,0.271113,-0.029612,-0.740043,19.386567,True,False
117,1629057,Robert Williams III,POR,59,1008.213333,397,415,60,9,35,87,49,177,250,0.708000,34,57,0.596491,-1.274241,0.543993,-1.117873,-1.416425,-1.134454,1.685336,1.051946,1.555917,-0.642797,-0.748600,19.334142,True,False
118,1628991,Jaren Jackson Jr.,UTA,48,1454.648333,931,272,94,84,53,69,107,342,719,0.475661,163,203,0.802956,0.048273,-0.407531,-0.859141,-0.251868,-0.407434,1.063536,-0.048294,-0.099932,0.162433,-0.799957,19.019497,True,False
119,1626171,Bobby Portis Jr.,MIL,67,1619.313333,915,428,105,135,41,12,66,366,750,0.488000,48,68,0.705882,0.008648,0.630496,-0.775434,0.540031,-0.892114,-0.905495,0.729462,0.149196,-0.331719,-0.846931,18.731706,True,False
120,201572,Brook Lopez,LAC,75,1635.273333,634,273,97,114,45,87,61,232,542,0.428044,56,74,0.756757,-0.687283,-0.400877,-0.836312,0.213955,-0.730554,1.685336,0.824310,-0.782090,-0.140769,-0.854284,18.686661,True,False
121,1630198,Isaiah Joe,OKC,71,1507.445000,785,181,94,181,50,11,45,247,543,0.454880,110,123,0.894309,-0.313313,-1.013046,-0.859141,1.254293,-0.528604,-0.940040,1.127824,-0.384477,0.755706,-0.900799,18.401683,True,False
122,1641710,Anthony Black,ORL,64,1910.050000,959,244,236,100,91,45,132,345,772,0.446891,169,231,0.731602,0.117619,-0.593843,0.221444,-0.003429,1.127386,0.234470,-0.522535,-0.715524,-0.779335,-0.913746,18.322359,True,False
123,1642259,Alex Sarr,WAS,48,1304.661667,783,355,130,50,39,95,82,316,656,0.481707,101,146,0.691781,-0.318266,0.144753,-0.585190,-0.779800,-0.972894,1.961691,0.425948,0.017450,-0.832653,-0.938963,18.167869,True,False
124,1642846,Ace Bailey,UTA,72,1987.643333,993,302,131,137,60,49,107,395,892,0.442825,66,88,0.750000,0.201824,-0.207910,-0.577580,0.571086,-0.124704,0.372648,-0.048294,-0.926070,-0.202182,-0.941183,18.154269,True,False
125,1642264,Stephon Castle,SAS,68,2037.743333,1133,362,502,81,78,19,217,385,817,0.471236,282,384,0.734375,0.548551,0.191331,2.245639,-0.298450,0.602316,-0.663685,-2.134954,-0.212544,-1.233223,-0.955020,18.069495,True,False
126,1642349,Ajay Mitchell,OKC,57,1472.798333,774,190,206,61,71,18,81,286,590,0.484746,141,162,0.870370,-0.340556,-0.953160,-0.006849,-0.608999,0.319586,-0.698229,0.444917,0.064788,0.768470,-1.010031,17.732465,True,False
127,1628379,Luke Kennard,LAL,78,1680.476667,652,182,174,117,55,8,60,236,443,0.532731,63,69,0.913043,-0.642703,-1.006392,-0.250361,0.260537,-0.326654,-1.043673,0.843280,0.630790,0.499549,-1.035628,17.575644,True,False
128,1630573,Sam Hauser,BOS,78,1934.150000,719,300,114,198,38,23,35,252,601,0.419301,17,20,0.850000,-0.476770,-0.221218,-0.706946,1.518259,-1.013284,-0.525507,1.317521,-1.011124,0.071041,-1.048029,17.499669,True,False
129,1630558,Davion Mitchell,MIA,70,2000.255000,654,187,453,90,68,11,108,261,533,0.489681,42,65,0.646154,-0.637750,-0.973122,1.872761,-0.158703,0.198416,-0.940040,-0.067263,0.130565,-0.544186,-1.119322,17.062886,True,False
130,1629645,Kevin Porter Jr.,MIL,38,1261.015000,661,198,280,46,83,19,110,239,514,0.464981,137,156,0.878205,-0.620414,-0.899928,0.556273,-0.841910,0.804266,-0.663685,-0.105202,-0.221773,0.811503,-1.180869,16.685814,True,False
131,202710,Jimmy Butler III,GSW,38,1181.676667,760,211,185,32,55,8,60,240,462,0.519481,248,287,0.864111,-0.375229,-0.813425,-0.166654,-1.059294,-0.326654,-1.043673,0.843280,0.490195,1.256350,-1.195105,16.598596,True,False
132,1630173,Precious Achiuwa,SAC,73,1745.185000,736,492,101,27,65,50,65,316,598,0.528428,77,139,0.553957,-0.434667,1.056352,-0.805873,-1.136931,0.077246,0.407192,0.748431,0.781023,-1.913367,-1.220594,16.442433,True,False
133,203954,Joel Embiid,PHI,38,1200.638333,1021,293,150,53,21,46,109,341,697,0.489240,286,335,0.853731,0.271169,-0.267796,-0.432995,-0.733218,-1.699915,0.269015,-0.086233,0.162313,1.263061,-1.254599,16.234099,True,False
134,1642907,Cedric Coward,MEM,62,1597.946667,843,364,171,93,40,27,105,305,648,0.470679,140,166,0.843373,-0.169669,0.204639,-0.273190,-0.112121,-0.932504,-0.387329,-0.010354,-0.178466,0.525297,-1.333699,15.749489,True,False
135,1641729,Brice Sensabaugh,UTA,75,1761.866667,1116,231,143,162,54,12,124,394,857,0.459743,166,201,0.825871,0.506448,-0.680345,-0.486263,0.959272,-0.367044,-0.905495,-0.370777,-0.492679,0.430260,-1.406625,15.302701,True,False
136,1628971,Bruce Brown,DEN,82,1997.788333,649,318,174,57,85,20,91,248,522,0.475096,96,126,0.761905,-0.650133,-0.101446,-0.250361,-0.671108,0.885046,-0.629140,0.255221,-0.080626,-0.201744,-1.444292,15.071929,True,False
137,1628989,Kevin Huerter,DET,69,1549.076667,693,240,178,100,63,33,72,269,596,0.451342,55,71,0.774648,-0.541162,-0.620459,-0.219922,-0.003429,-0.003534,-0.180063,0.615644,-0.479751,-0.060756,-1.493432,14.770872,True,False
138,1631230,Dominick Barlow,PHI,71,1688.518333,545,340,87,21,63,53,56,215,399,0.538847,94,131,0.717557,-0.907702,0.044942,-0.912410,-1.230096,-0.003534,0.510826,0.919158,0.634963,-0.549583,-1.493435,14.770850,True,False
139,1628960,Grayson Allen,PHX,51,1467.278333,841,155,195,159,69,13,83,269,667,0.403298,144,168,0.857143,-0.174622,-1.186050,-0.090556,0.912689,0.238806,-0.870951,0.406978,-1.414469,0.666941,-1.511234,14.661809,True,False
140,1642345,Oso Ighodaro,PHX,82,1808.370000,531,418,185,0,73,57,101,239,366,0.653005,53,117,0.452991,-0.942374,0.563955,-0.166654,-1.556172,0.400366,0.649003,0.065524,1.726653,-2.301540,-1.561238,14.355451,True,False
141,1630541,Moses Moody,GSW,60,1539.898333,728,200,98,151,58,34,57,245,557,0.439856,87,113,0.769912,-0.454480,-0.886620,-0.828702,0.788470,-0.205484,-0.145518,0.900189,-0.623558,-0.128004,-1.583709,14.217782,True,False
142,1631260,AJ Green,MIL,78,2269.933333,809,213,152,232,39,8,75,262,618,0.423948,53,62,0.854839,-0.253874,-0.800117,-0.417776,2.046192,-0.972894,-1.043673,0.558735,-0.961078,0.237777,-1.606709,14.076870,True,False
143,1629614,Andrew Nembhard,IND,57,1785.593333,966,160,437,107,51,8,137,333,753,0.442231,193,234,0.824786,0.134955,-1.152780,1.751005,0.105263,-0.488214,-1.043673,-0.617383,-0.794010,0.486057,-1.618781,14.002913,True,False
144,1642844,Dylan Harper,SAS,69,1557.956667,813,234,266,61,54,24,99,331,656,0.504573,90,119,0.756303,-0.243968,-0.660383,0.449737,-0.608999,-0.367044,-0.490962,0.103464,0.428228,-0.229533,-1.619461,13.998744,True,False
145,203084,Harrison Barnes,SAS,77,1986.475000,765,213,148,139,50,12,61,262,575,0.455652,102,123,0.829268,-0.362845,-0.800117,-0.448215,0.602141,-0.528604,-0.905495,0.824310,-0.394981,0.287739,-1.726068,13.345608,True,False
146,1630194,Paul Reed,DET,65,900.628333,504,294,80,13,57,60,58,209,339,0.616519,73,110,0.663636,-1.009243,-0.261142,-0.965678,-1.354315,-0.245874,0.752636,0.881219,1.260554,-0.808438,-1.750281,13.197263,True,False
147,1627780,Gary Payton II,GSW,73,1142.280000,547,265,123,37,67,21,62,242,415,0.583133,26,40,0.650000,-0.902748,-0.454109,-0.638459,-0.981657,0.158026,-0.594596,0.805340,1.163722,-0.325884,-1.770364,13.074223,True,False
148,1629011,Mitchell Robinson,NYK,60,1174.501667,340,525,52,0,56,70,41,149,206,0.723301,42,103,0.407767,-1.415409,1.275935,-1.178751,-1.556172,-0.286264,1.098081,1.203703,1.368394,-2.298623,-1.789107,12.959394,True,False
149,201950,Jrue Holiday,POR,53,1560.401667,865,245,322,137,54,6,146,320,709,0.451340,88,105,0.838095,-0.115183,-0.587189,0.875883,0.571086,-0.367044,-1.112762,-0.788110,-0.570756,0.299847,-1.794229,12.928018,True,False
150,1631212,Peyton Watson,DEN,54,1597.758333,789,264,111,81,50,61,93,285,581,0.490534,138,189,0.730159,-0.303407,-0.460763,-0.729776,-0.298450,-0.528604,0.787181,0.217281,0.155888,-0.653591,-1.814240,12.805416,True,False
151,1629655,Daniel Gafford,DAL,55,1194.438333,524,378,58,0,42,69,63,207,316,0.655063,110,161,0.683230,-0.959711,0.297795,-1.133093,-1.556172,-0.851724,1.063536,0.786371,1.508580,-0.998731,-1.843150,12.628300,True,False
152,1630191,Isaiah Stewart,DET,58,1317.135000,581,290,66,40,16,93,67,221,402,0.549751,99,131,0.755725,-0.818543,-0.287758,-1.072215,-0.935075,-1.901865,1.892602,0.710492,0.759779,-0.257103,-1.909686,12.220657,True,False
153,203924,Jerami Grant,POR,57,1695.101667,1060,198,122,136,42,36,119,331,730,0.453425,262,322,0.813665,0.367757,-0.899928,-0.646068,0.555558,-0.851724,-0.076430,-0.275929,-0.545985,0.459363,-1.913385,12.197995,True,False
154,203110,Draymond Green,GSW,68,1868.888333,570,375,376,101,61,42,181,205,491,0.417515,59,84,0.702381,-0.845786,0.277833,1.286810,0.012098,-0.084314,0.130837,-1.452047,-0.850073,-0.426975,-1.951618,11.963762,True,False
155,1631165,Keon Ellis,CLE,72,1478.638333,480,135,72,91,83,46,41,169,384,0.440104,51,70,0.728571,-1.068682,-1.319130,-1.026556,-0.143176,0.804266,0.269015,1.203703,-0.427280,-0.248570,-1.956411,11.934394,True,False
156,201566,Russell Westbrook,SAC,64,1852.570000,971,348,426,128,83,12,209,358,839,0.426698,127,183,0.693989,0.147338,0.098174,1.667298,0.431339,0.804266,-0.905495,-1.983197,-1.241574,-1.020029,-2.001881,11.655823,True,False
157,1629661,Cameron Johnson,DEN,54,1647.031667,660,206,132,110,40,21,47,228,475,0.480000,94,112,0.839286,-0.622890,-0.846696,-0.569971,0.151845,-0.932504,-0.594596,1.089885,-0.009573,0.327636,-2.006864,11.625294,True,False
158,1630696,Dru Smith,MIA,70,1141.308333,395,173,180,38,100,21,55,135,325,0.415385,87,105,0.828571,-1.279195,-1.066278,-0.204702,-0.966130,1.490896,-0.594596,0.938128,-0.581639,0.241351,-2.022164,11.531554,True,False
159,1641716,Jarace Walker,IND,76,1953.383333,884,391,192,133,63,26,139,307,733,0.418827,137,183,0.748634,-0.068128,0.384297,-0.113385,0.508976,-0.003534,-0.421874,-0.655322,-1.242724,-0.435070,-2.046765,11.380837,True,False
160,1641731,Bilal Coulibaly,WAS,56,1467.605000,657,243,145,65,75,54,81,230,541,0.425139,132,177,0.745763,-0.630320,-0.600497,-0.471044,-0.546889,0.481146,0.545370,0.444917,-0.823695,-0.450533,-2.051546,11.351545,True,False
161,1631106,Tari Eason,HOU,60,1549.105000,627,376,90,93,72,28,81,241,580,0.415517,52,67,0.776119,-0.704619,0.284487,-0.889580,-0.112121,0.359976,-0.352785,0.444917,-1.035895,-0.051566,-2.057187,11.316986,True,False
162,1641842,Ronald Holland II,DET,78,1550.448333,640,315,95,50,92,27,96,235,544,0.431985,120,149,0.805369,-0.672423,-0.121408,-0.851532,-0.779800,1.167776,-0.387329,0.160373,-0.726265,0.140260,-2.070348,11.236350,True,False
163,1629023,P.J. Washington,DAL,56,1735.620000,793,394,98,76,55,60,94,296,658,0.449848,125,182,0.686813,-0.293500,0.404259,-0.828702,-0.376087,-0.326654,0.752636,0.198312,-0.556583,-1.090851,-2.117171,10.949486,True,False
164,1629723,John Konchar,UTA,56,1114.676667,248,240,118,28,83,38,35,94,199,0.472362,32,44,0.727273,-1.643258,-0.620459,-0.676507,-1.121404,0.804266,-0.007341,1.317521,-0.045636,-0.159587,-2.152405,10.733625,True,False
165,1629060,Rui Hachimura,LAL,68,1926.565000,780,226,57,116,39,21,42,307,597,0.514238,50,72,0.694444,-0.325696,-0.713615,-1.140702,0.245010,-0.972894,-0.594596,1.184733,0.547721,-0.399405,-2.169444,10.629229,True,False
166,1641796,Pelle Larsson,MIA,70,1849.143333,800,244,236,62,49,16,101,277,559,0.495528,184,231,0.796537,-0.276164,-0.593843,0.221444,-0.593471,-0.568994,-0.767318,0.065524,0.226437,0.098103,-2.188282,10.513821,True,False
167,1629048,Goga Bitadze,ORL,64,972.006667,375,320,84,2,37,61,43,152,225,0.675556,69,97,0.711340,-1.328727,-0.088138,-0.935239,-1.525117,-1.053674,0.787181,1.165764,1.200413,-0.442219,-2.219757,10.320988,True,False
168,1642266,Ja'Kobe Walter,TOR,72,1473.575000,541,185,86,110,73,14,37,180,404,0.445545,71,90,0.788889,-0.917608,-0.986430,-0.920019,0.151845,0.400366,-0.836407,1.279581,-0.389344,-0.002042,-2.220057,10.319149,True,False
169,1629111,Jock Landale,ATL,68,1506.076667,718,387,115,74,35,36,60,282,548,0.514599,80,126,0.634921,-0.479247,0.357681,-0.699337,-0.407142,-1.134454,-0.076430,0.843280,0.508179,-1.137677,-2.225147,10.287962,True,False
170,1627826,Ivica Zubac,IND,48,1446.698333,677,509,105,0,18,40,86,288,482,0.597510,101,142,0.711268,-0.580788,1.169471,-0.775434,-1.556172,-1.821085,0.061748,0.350069,1.541382,-0.647975,-2.258784,10.081887,True,False
171,1626162,Kelly Oubre Jr.,PHI,50,1574.311667,705,252,80,86,68,24,69,254,544,0.466912,111,145,0.765517,-0.511443,-0.540611,-0.965678,-0.220813,0.198416,-0.490962,0.672553,-0.205946,-0.201525,-2.266009,10.037617,True,False
172,203935,Marcus Smart,LAL,62,1768.978333,579,172,185,97,87,23,92,188,476,0.394958,106,129,0.821705,-0.823497,-1.072932,-0.166654,-0.050011,0.965826,-0.525507,0.236251,-1.118145,0.244706,-2.309962,9.768336,True,False
173,1629628,RJ Barrett,TOR,57,1725.760000,1098,300,189,96,42,19,99,401,816,0.491422,200,279,0.716846,0.461869,-0.221218,-0.136215,-0.065539,-0.851724,-0.663685,0.103464,0.238784,-1.182095,-2.316359,9.729148,True,False
174,1631119,Jaylin Williams,OKC,65,1277.375000,469,358,158,98,31,42,67,149,352,0.423295,73,92,0.793478,-1.095925,0.164715,-0.372117,-0.034484,-1.296014,0.130837,0.710492,-0.553702,0.022611,-2.323587,9.684861,True,False
175,1630549,Day'Ron Sharpe,BKN,62,1159.915000,540,413,145,9,67,26,106,214,356,0.601124,103,152,0.677632,-0.920085,0.530685,-0.471044,-1.416425,0.158026,-0.421874,-0.029324,1.173674,-0.992678,-2.389043,9.283840,True,False
176,1628398,Kyle Kuzma,MIL,69,1805.741667,896,313,184,83,46,28,119,339,689,0.492017,135,186,0.725806,-0.038408,-0.134716,-0.174263,-0.267395,-0.690164,-0.352785,-0.275929,0.212863,-0.690570,-2.411368,9.147064,True,False
177,1642867,Collin Murray-Boyles,TOR,57,1245.600000,484,285,106,17,52,53,59,198,342,0.578947,71,108,0.657407,-1.058776,-0.321028,-0.767824,-1.292206,-0.447824,0.510826,0.862249,0.919822,-0.833091,-2.427852,9.046075,True,False
178,1642267,Bub Carrington,WAS,82,2270.650000,878,276,381,169,52,17,191,314,741,0.423752,81,111,0.729730,-0.082987,-0.380915,1.324858,1.067964,-0.447824,-0.732773,-1.641744,-1.156348,-0.386641,-2.436410,8.993645,True,False
179,1628415,Dillon Brooks,PHX,56,1701.583333,1131,203,99,127,57,9,98,417,959,0.434828,170,202,0.841584,0.543597,-0.866658,-0.821093,0.415812,-0.245874,-1.009129,0.122433,-1.205654,0.618074,-2.448491,8.919630,True,False
180,1642273,Kyshawn George,WAS,48,1390.963333,710,245,214,99,48,43,125,253,577,0.438475,105,131,0.801527,-0.499059,-0.587189,0.054029,-0.018956,-0.609384,0.165381,-0.389747,-0.667778,0.093872,-2.458832,8.856276,True,False
181,1631097,Bennedict Mathurin,LAC,54,1620.015000,949,293,129,75,43,13,118,291,677,0.429838,292,336,0.869048,0.092853,-0.267796,-0.592800,-0.391615,-0.811334,-0.870951,-0.256960,-0.943645,1.567866,-2.474382,8.761006,True,False
182,1641730,Noah Clowney,BKN,66,1780.063333,809,273,108,129,50,45,102,250,631,0.396197,180,224,0.803571,-0.253874,-0.400877,-0.752605,0.446866,-0.528604,0.234470,0.046555,-1.460845,0.187305,-2.481609,8.716731,True,False
183,1628392,Isaiah Hartenstein,OKC,47,1137.425000,432,443,166,0,48,36,82,184,296,0.621622,64,105,0.609524,-1.187560,0.730306,-0.311239,-1.556172,-0.609384,-0.076430,0.425948,1.142021,-1.104053,-2.546563,8.318782,True,False
184,1628963,Marvin Bagley III,DAL,60,1200.903333,627,366,85,24,28,43,61,254,411,0.618005,95,144,0.659722,-0.704619,0.217947,-0.927629,-1.183514,-1.417184,0.165381,0.824310,1.545004,-1.091289,-2.571593,8.165436,True,False
185,202331,Paul George,PHI,37,1135.031667,641,196,133,100,62,16,64,225,513,0.438596,91,111,0.819820,-0.669946,-0.913236,-0.562361,-0.003429,-0.043924,-0.767318,0.767401,-0.592000,0.198318,-2.586495,8.074138,True,False
186,203083,Andre Drummond,PHI,63,1230.748333,403,532,80,32,38,49,61,159,337,0.471810,53,84,0.630952,-1.259382,1.322513,-0.965678,-1.059294,-1.013284,0.372648,0.824310,-0.082375,-0.777950,-2.638493,7.755570,True,False
187,1642347,Jamal Shead,TOR,82,1852.238333,545,143,444,84,76,15,112,185,504,0.367063,91,116,0.784483,-0.907702,-1.265898,1.804273,-0.251868,0.521536,-0.801862,-0.143142,-1.568922,-0.032529,-2.646114,7.708877,True,False
188,1642377,Jaylen Wells,MEM,69,1820.641667,865,220,111,129,61,9,74,301,698,0.431232,134,171,0.783626,-0.115183,-0.753539,-0.729776,0.446866,-0.084314,-1.009129,0.577705,-0.946259,-0.056525,-2.670154,7.561593,True,False
189,1630611,Gui Santos,GSW,68,1395.363333,625,266,159,78,61,22,102,230,460,0.500000,87,120,0.725000,-0.709572,-0.447455,-0.364507,-0.345032,-0.084314,-0.560051,0.046555,0.242673,-0.451190,-2.672895,7.544804,True,False
190,1630529,Herbert Jones,NOP,56,1588.381667,496,190,155,80,88,27,73,183,478,0.382845,50,62,0.806452,-1.029056,-0.953160,-0.394946,-0.313978,1.006216,-0.387329,0.596674,-1.281401,0.062289,-2.694691,7.411268,True,False
191,204456,T.J. McConnell,IND,56,962.505000,525,124,287,16,56,10,64,242,450,0.537778,25,29,0.862069,-0.957234,-1.392325,0.609541,-1.307733,-0.286264,-0.974584,0.767401,0.702945,0.123483,-2.714769,7.288258,True,False
192,1642258,Zaccharie Risacher,ATL,67,1503.253333,641,257,76,95,59,36,58,244,536,0.455224,58,90,0.644444,-0.669946,-0.507341,-0.996117,-0.081066,-0.165094,-0.076430,0.881219,-0.374478,-0.762487,-2.751740,7.061751,True,False
193,1630241,Sam Merrill,CLE,52,1377.073333,663,133,125,158,33,7,42,223,484,0.460744,59,69,0.855072,-0.615461,-1.332438,-0.623239,0.897162,-1.215234,-1.078217,1.184733,-0.264984,0.265566,-2.782113,6.875666,True,False
194,1629637,Jaxson Hayes,LAL,66,1206.578333,497,271,59,3,29,52,31,198,262,0.755725,98,150,0.653333,-1.026579,-0.414185,-1.125483,-1.509590,-1.376794,0.476281,1.393399,1.973025,-1.192818,-2.802743,6.749275,True,False
195,1642954,Will Richard,GSW,69,1376.805000,441,172,93,71,80,9,53,162,346,0.468208,46,54,0.851852,-1.165270,-1.072932,-0.866751,-0.453724,0.683096,-1.009129,0.976067,-0.118705,0.197661,-2.829687,6.584203,True,False
196,1629636,Darius Garland,LAC,45,1344.276667,845,107,301,122,43,8,130,309,672,0.459821,105,122,0.860656,-0.164716,-1.505443,0.716078,0.338174,-0.811334,-1.043673,-0.484595,-0.384887,0.509396,-2.830999,6.576164,True,False
197,1630188,Jalen Smith,CHI,53,1095.388333,541,355,65,82,24,42,53,195,404,0.482673,69,93,0.741935,-0.917608,0.144753,-1.079824,-0.282923,-1.578744,0.130837,0.976067,0.021434,-0.257541,-2.843551,6.499266,True,False
198,1630314,Brandon Williams,DAL,66,1462.645000,859,191,256,36,62,20,125,291,617,0.471637,241,304,0.792763,-0.130043,-0.946506,0.373639,-0.997184,-0.043924,-0.629140,-0.389747,-0.153743,0.061999,-2.854649,6.431272,True,False
199,1629652,Luguentz Dort,OKC,69,1848.741667,576,245,85,128,62,27,54,202,524,0.385496,44,58,0.758621,-0.830927,-0.587189,-0.927629,0.431339,-0.043924,-0.387329,0.957098,-1.366675,-0.104008,-2.859245,6.403116,True,False
200,1630533,Ziaire Williams,BKN,56,1281.266667,573,134,60,86,76,21,59,184,433,0.424942,119,140,0.850000,-0.838356,-1.325784,-1.117873,-0.220813,0.521536,-0.594596,0.862249,-0.661589,0.497289,-2.877938,6.288590,True,False
201,1627884,Derrick Jones Jr.,LAC,50,1349.508333,504,173,69,55,45,50,40,189,379,0.498681,71,93,0.763441,-1.009243,-1.066278,-1.049385,-0.702163,-0.730554,0.407192,1.222673,0.186249,-0.140550,-2.882060,6.263335,True,False
202,1630568,Luka Garza,BOS,69,1117.908333,557,281,66,55,27,28,46,206,357,0.577031,90,117,0.769231,-0.877982,-0.347644,-1.072215,-0.702163,-1.457574,-0.352785,1.108855,0.941428,-0.137194,-2.897276,6.170114,True,False
203,1642274,Yves Missi,NOP,66,1297.036667,377,385,84,0,20,101,54,160,294,0.544218,57,102,0.558824,-1.323774,0.344373,-0.935239,-1.556172,-1.740305,2.168957,0.957098,0.511107,-1.375016,-2.948971,5.853404,True,False
204,1627751,Jakob Poeltl,TOR,46,1149.060000,493,323,93,0,40,32,57,217,310,0.700000,59,98,0.602041,-1.036486,-0.068176,-0.866751,-1.556172,-0.932504,-0.214607,0.900189,1.861422,-1.073347,-2.986433,5.623887,True,False
205,1628370,Malik Monk,SAC,62,1363.643333,772,117,185,124,37,24,91,277,632,0.438291,94,107,0.878505,-0.345509,-1.438903,-0.166654,0.369229,-1.053674,-0.490962,0.255221,-0.734611,0.558483,-3.047380,5.250491,True,False
206,1641775,Jordan Walsh,BOS,68,1211.970000,364,272,54,48,49,31,35,136,267,0.509363,44,57,0.771930,-1.355970,-0.407531,-1.163532,-0.810855,-0.568994,-0.249152,1.317521,0.209319,-0.057839,-3.087033,5.007555,True,False
207,203471,Dennis Schröder,CLE,70,1696.298333,756,190,341,75,55,11,124,255,629,0.405405,171,205,0.834146,-0.385135,-0.953160,1.020468,-0.391615,-0.326654,-0.940040,-0.370777,-1.297589,0.538061,-3.106441,4.888650,True,False
208,1630631,Jose Alvarado,NYK,69,1370.236667,510,171,234,101,66,8,77,187,449,0.416481,35,46,0.760870,-0.994383,-1.079586,0.206224,0.012098,0.117636,-1.043673,0.520796,-0.790074,-0.076438,-3.127401,4.760239,True,False
209,1630249,Vít Krejčí,POR,65,1392.100000,550,148,100,128,47,18,41,192,429,0.447552,38,51,0.745098,-0.895319,-1.232628,-0.813483,0.431339,-0.649774,-0.698229,1.203703,-0.389848,-0.131798,-3.176036,4.462267,True,False
210,1641737,Adem Bona,PHI,71,1234.161667,344,307,32,2,30,82,56,131,220,0.595455,80,113,0.707965,-1.405502,-0.174640,-1.330946,-1.525117,-1.336404,1.512613,0.919158,0.691150,-0.537475,-3.187164,4.394094,True,False
211,1642268,Isaiah Collier,UTA,59,1516.920000,688,150,423,27,66,20,148,255,515,0.495146,151,209,0.722488,-0.553545,-1.219320,1.644468,-1.136931,0.117636,-0.629140,-0.826049,0.203225,-0.816533,-3.216190,4.216266,True,False
212,1631243,Mouhamed Gueye,ATL,77,1178.836667,342,275,69,40,61,39,33,131,290,0.451724,40,62,0.645161,-1.410455,-0.387569,-1.049385,-0.935075,-0.084314,0.027204,1.355460,-0.230403,-0.522669,-3.237207,4.087501,True,False
213,1631255,Karlo Matković,NOP,62,911.756667,352,229,50,38,25,54,34,142,235,0.604255,30,41,0.731707,-1.385689,-0.693653,-1.193971,-0.966130,-1.538354,0.545370,1.336490,0.794911,-0.138070,-3.239096,4.075927,True,False
214,1630171,Isaac Okoro,CHI,63,1694.890000,584,173,100,73,46,29,46,211,459,0.459695,89,112,0.794643,-0.811114,-1.066278,-0.813483,-0.422670,-0.690164,-0.318240,1.108855,-0.264481,0.035157,-3.242418,4.055577,True,False
215,1642883,Sion James,CHA,82,1843.280000,441,287,163,83,52,20,65,138,372,0.370968,82,98,0.836735,-1.165270,-0.307720,-0.334068,-0.267395,-0.447824,-0.629140,0.748431,-1.118240,0.272057,-3.249170,4.014211,True,False
216,1631248,Baylor Scheierman,BOS,77,1429.303333,427,269,116,97,42,6,46,151,333,0.453453,28,31,0.903226,-1.199943,-0.427493,-0.691727,-0.050011,-0.851724,-1.112762,1.108855,-0.248796,0.206632,-3.266969,3.905160,True,False
217,1642450,Daniss Jenkins,DET,72,1455.300000,671,166,278,73,64,15,115,232,568,0.408451,134,161,0.832298,-0.595648,-1.112856,0.541054,-0.422670,0.036856,-0.801862,-0.200051,-1.124381,0.405169,-3.274389,3.859703,True,False
218,1630538,Bones Hyland,MIN,71,1176.918333,604,127,188,116,44,17,70,212,468,0.452991,64,82,0.780488,-0.761581,-1.372363,-0.143824,0.245010,-0.770944,-0.732773,0.653583,-0.355581,-0.042157,-3.280631,3.821463,True,False
219,201143,Al Horford,GSW,45,969.185000,372,219,116,74,30,51,42,138,324,0.425926,22,26,0.846154,-1.336157,-0.760193,-0.691727,-0.407142,-1.336404,0.441737,1.184733,-0.486318,0.086504,-3.304968,3.672359,True,False
220,1631101,Shaedon Sharpe,POR,50,1471.301667,1042,217,132,103,70,6,147,392,868,0.451613,155,197,0.786802,0.323178,-0.773501,-0.569971,0.043153,0.279196,-1.112762,-0.807079,-0.692264,-0.028517,-3.338567,3.466510,True,False
221,1630583,Santi Aldama,MEM,43,1198.078333,602,287,126,70,37,31,55,228,476,0.478992,76,114,0.666667,-0.766534,-0.307720,-0.615629,-0.469252,-1.053674,-0.249152,0.938128,-0.022738,-0.817628,-3.364200,3.309468,True,False
222,1641854,Craig Porter Jr.,CLE,64,1147.661667,289,220,205,33,57,38,59,116,258,0.449612,24,40,0.600000,-1.541716,-0.753539,-0.014459,-1.043767,-0.245874,-0.007341,0.862249,-0.219900,-0.442876,-3.407222,3.045892,True,False
223,1630598,Aaron Wiggins,OKC,65,1413.980000,611,199,109,96,60,28,81,231,536,0.430970,53,72,0.736111,-0.744245,-0.893274,-0.744995,-0.065539,-0.124704,-0.352785,0.444917,-0.730485,-0.223917,-3.435026,2.875545,True,False
224,1629731,Dean Wade,CLE,59,1317.683333,342,247,88,71,44,23,16,122,278,0.438849,27,38,0.710526,-1.410455,-0.573881,-0.904800,-0.453724,-0.770944,-0.525507,1.677944,-0.318889,-0.175050,-3.455307,2.751295,True,False
225,1642363,Nique Clifford,SAC,75,1881.925000,645,282,179,77,68,24,116,249,596,0.417785,70,97,0.721649,-0.660040,-0.340990,-0.212312,-0.360560,0.198416,-0.490962,-0.219020,-1.027454,-0.383723,-3.496647,2.498025,True,False
226,1629639,Tyler Herro,MIA,33,1032.653333,677,158,136,84,23,12,64,247,515,0.479612,99,108,0.916667,-0.580788,-1.166088,-0.539532,-0.251868,-1.619134,-0.905495,0.767401,-0.015856,0.804793,-3.506568,2.437240,True,False
227,203507,Giannis Antetokounmpo,MIL,36,1039.230000,993,352,196,15,34,24,115,373,598,0.623746,232,357,0.649860,0.201824,0.124790,-0.082946,-1.323260,-1.174844,-0.490962,-0.200051,2.341978,-2.911442,-3.514913,2.386111,True,False
228,1629014,Anfernee Simons,CHI,55,1371.933333,785,135,134,146,27,8,68,285,648,0.439815,69,77,0.896104,-0.313313,-1.319130,-0.554751,0.710833,-1.457574,-1.043673,0.691523,-0.726170,0.481169,-3.531088,2.287018,True,False
229,1642366,Quinten Post,GSW,67,1159.198333,513,269,94,93,26,35,56,193,439,0.439636,34,43,0.790698,-0.986954,-0.427493,-0.859141,-0.112121,-1.497964,-0.110974,0.919158,-0.494113,0.003574,-3.566027,2.072957,True,False
230,202691,Klay Thompson,DAL,69,1496.830000,810,143,96,202,33,22,63,286,728,0.392857,36,47,0.765957,-0.251398,-1.265898,-0.843922,1.580369,-1.215234,-0.560051,0.786371,-1.751988,-0.064112,-3.585864,1.951430,True,False
231,1642346,Ryan Dunn,PHX,70,1355.245000,407,297,102,56,60,29,56,164,362,0.453039,23,47,0.489362,-1.249475,-0.241180,-0.798263,-0.686636,-0.124704,-0.318240,0.919158,-0.274575,-0.824558,-3.598474,1.874173,True,False
232,1629001,De'Anthony Melton,GSW,49,1125.256667,602,158,125,72,77,20,91,215,528,0.407197,100,121,0.826446,-0.766534,-1.166088,-0.623239,-0.438197,0.561926,-0.629140,0.255221,-1.063328,0.263086,-3.606293,1.826267,True,False
233,1631323,Simone Fontecchio,MIA,70,1172.470000,597,211,101,123,37,9,49,194,471,0.411890,86,102,0.843137,-0.778917,-0.813425,-0.805873,0.353702,-1.053674,-1.009129,1.051946,-0.888009,0.321363,-3.622017,1.729931,True,False
234,1641713,GG Jackson,MEM,55,1177.765000,686,235,81,64,31,44,85,255,514,0.496109,112,151,0.741722,-0.558498,-0.653729,-0.958068,-0.562416,-1.296014,0.199926,0.369039,0.216390,-0.420046,-3.663418,1.476289,True,False
235,1642928,Dylan Cardwell,SAC,44,906.538333,238,332,62,2,30,67,39,105,179,0.586592,26,51,0.509804,-1.668024,-0.008290,-1.102654,-1.525117,-1.336404,0.994447,1.241642,0.518902,-0.833748,-3.719245,1.134257,True,False
236,1641757,Jordan Miller,LAC,60,1324.780000,598,182,136,38,45,11,63,212,399,0.531328,136,175,0.777143,-0.776441,-1.006392,-0.539532,-0.966130,-0.730554,-0.940040,0.786371,0.552807,-0.124211,-3.744121,0.981852,True,False
237,1642860,Will Riley,WAS,74,1632.471667,764,212,146,78,54,9,94,271,618,0.438511,144,180,0.800000,-0.365322,-0.806771,-0.463434,-0.345032,-0.367044,-1.009129,0.198312,-0.714611,0.112909,-3.760124,0.883813,True,False
238,202685,Jonas Valanciunas,DEN,65,871.065000,567,329,78,8,14,37,73,227,390,0.582051,105,136,0.772059,-0.853216,-0.028252,-0.980898,-1.431952,-1.982645,-0.041885,0.596674,1.082070,-0.136975,-3.777079,0.779937,True,False
239,1627936,Alex Caruso,OKC,56,1020.346667,348,155,110,53,72,17,48,127,300,0.423333,41,51,0.803922,-1.395596,-1.186050,-0.737385,-0.733218,0.359976,-0.732773,1.070915,-0.471594,0.043690,-3.782036,0.749566,True,False
240,1642461,Spencer Jones,DEN,64,1416.790000,352,209,51,57,52,29,31,132,262,0.503817,31,51,0.607843,-1.385689,-0.826733,-1.186361,-0.671108,-0.447824,-0.318240,1.393399,0.165603,-0.541268,-3.818223,0.527864,True,False
241,203897,Zach LaVine,SAC,39,1224.263333,748,108,89,99,28,10,74,262,547,0.478976,125,142,0.880282,-0.404948,-1.498789,-0.897190,-0.018956,-1.417184,-0.974584,0.577705,-0.026360,0.755925,-3.904382,0.000000,False,False
242,203991,Clint Capela,HOU,75,925.661667,282,345,50,1,36,63,41,118,227,0.519824,45,78,0.576923,-1.559053,0.078212,-1.193971,-1.540644,-1.094064,0.856270,1.203703,0.242987,-0.968901,-3.975461,-0.435466,False,False
243,1630532,Franz Wagner,ORL,34,1019.003333,699,177,113,48,32,11,58,244,507,0.481262,163,198,0.823232,-0.526302,-1.039662,-0.714556,-0.810855,-1.255624,-0.940040,0.881219,0.007308,0.393280,-4.005232,-0.617863,False,False
244,1642856,Egor Dëmin,BKN,52,1308.208333,536,165,173,124,42,17,86,179,449,0.398664,54,65,0.830769,-0.929991,-1.119510,-0.257971,0.369229,-0.851724,-0.732773,0.350069,-1.009156,0.157764,-4.024063,-0.733233,False,False
245,1641765,Olivier-Maxence Prosper,MEM,53,983.591667,530,187,51,60,40,13,47,192,350,0.548571,86,114,0.754386,-0.944851,-0.973122,-1.186361,-0.624526,-0.932504,-0.870951,1.089885,0.650190,-0.232670,-4.024909,-0.738417,False,False
246,1631128,Christian Braun,DEN,44,1399.138333,526,211,120,43,30,12,43,202,389,0.519280,79,101,0.782178,-0.954757,-0.813425,-0.661288,-0.888492,-1.336404,-0.905495,1.165764,0.410606,-0.041938,-4.025432,-0.741619,False,False
247,1630543,Isaiah Jackson,LAC,55,908.311667,370,290,52,0,36,49,58,151,237,0.637131,68,105,0.647619,-1.341110,-0.287758,-1.178751,-1.556172,-1.094064,0.372648,0.881219,1.015048,-0.870070,-4.059012,-0.947347,False,False
248,1630695,Micah Potter,IND,47,908.316667,458,233,69,71,22,15,47,151,293,0.515358,85,101,0.841584,-1.123168,-0.667037,-1.049385,-0.453724,-1.659524,-0.801862,1.089885,0.277805,0.309037,-4.077974,-1.063522,False,False
249,1641707,Taylor Hendricks,MEM,59,1118.465000,438,221,55,63,50,30,50,163,355,0.459155,49,72,0.680556,-1.172700,-0.746885,-1.155922,-0.577944,-0.528604,-0.283696,1.032976,-0.209805,-0.457901,-4.100481,-1.201413,False,False
250,203994,Jusuf Nurkić,UTA,41,1083.068333,447,425,196,25,52,22,101,180,358,0.502793,62,113,0.548673,-1.150410,0.610533,-0.082946,-1.167986,-0.447824,-0.560051,0.065524,0.216248,-1.590400,-4.107313,-1.243270,False,False
251,201587,Nicolas Batum,LAC,74,1294.595000,293,184,64,92,47,23,37,96,238,0.403361,9,11,0.818182,-1.531810,-0.993084,-1.087434,-0.127648,-0.649774,-0.525507,1.279581,-0.504302,0.018599,-4.121379,-1.329447,False,False
252,1629611,Terance Mann,BKN,63,1529.016667,455,200,190,56,41,15,71,168,368,0.456522,63,80,0.787500,-1.130597,-0.886620,-0.128605,-0.686636,-0.892114,-0.801862,0.634614,-0.244025,-0.008314,-4.144160,-1.469013,False,False
253,1642383,Walter Clayton Jr.,MEM,69,1410.535000,538,139,279,75,44,19,116,177,461,0.383948,109,121,0.900826,-0.925038,-1.292514,0.548663,-0.391615,-0.770944,-0.663685,-0.219020,-1.221907,0.789549,-4.146511,-1.483418,False,False
254,204001,Kristaps Porziņģis,GSW,32,768.891667,533,167,81,54,18,38,41,173,388,0.445876,133,158,0.841772,-0.937421,-1.106202,-0.958068,-0.717691,-1.821085,-0.007341,1.203703,-0.370400,0.485181,-4.229323,-1.990772,False,False
255,1631114,Jalen Williams,OKC,33,935.963333,563,153,181,23,39,9,63,216,446,0.484305,108,129,0.837209,-0.863123,-1.199358,-0.197093,-1.199041,-0.972894,-1.009129,0.786371,0.043591,0.361698,-4.248978,-2.111191,False,False
256,1631169,Josh Minott,BKN,49,833.731667,364,158,46,64,44,24,43,126,252,0.500000,48,61,0.786885,-1.355970,-1.166088,-1.224410,-0.562416,-0.770944,-0.490962,1.165764,0.132943,-0.008533,-4.280618,-2.305036,False,False
257,203114,Khris Middleton,DAL,63,1439.086667,640,231,176,67,41,9,108,227,540,0.420370,119,136,0.875000,-0.672423,-0.680345,-0.235141,-0.515834,-0.892114,-1.009129,-0.067263,-0.892686,0.681966,-4.282969,-2.319442,False,False
258,1642848,Tre Johnson,WAS,60,1442.816667,733,170,122,115,33,18,93,271,647,0.418856,76,87,0.873563,-0.442097,-1.086240,-0.646068,0.229482,-1.215234,-0.698229,0.217281,-1.096397,0.428946,-4.308556,-2.476203,False,False
259,1641772,Nae'Qwan Tomlin,CLE,64,1003.638333,374,186,53,27,41,34,29,150,314,0.477707,47,61,0.770492,-1.331204,-0.979776,-1.171141,-1.136931,-0.892114,-0.145518,1.431339,-0.026046,-0.067029,-4.318421,-2.536638,False,False
260,1629632,Coby White,CHA,50,1249.788333,868,170,200,115,25,5,128,278,623,0.446228,197,241,0.817427,-0.107754,-1.086240,-0.052507,0.229482,-1.538354,-1.147306,-0.446656,-0.588740,0.396855,-4.341221,-2.676323,False,False
261,1642920,Kobe Sanders,LAC,68,1351.416667,495,153,109,80,49,10,81,179,384,0.466146,57,69,0.826087,-1.031533,-1.199358,-0.744995,-0.313978,-0.568994,-0.974584,0.444917,-0.153428,0.148574,-4.393379,-2.995875,False,False
262,1642262,Cody Williams,UTA,67,1630.541667,588,198,137,28,51,26,73,238,509,0.467583,84,119,0.705882,-0.801207,-0.899928,-0.531922,-1.121404,-0.488214,-0.421874,0.596674,-0.183333,-0.580508,-4.431715,-3.230743,False,False
263,1642874,Danny Wolf,BKN,57,1187.161667,508,281,127,68,30,32,73,178,440,0.404545,84,109,0.770642,-0.999337,-0.347644,-0.608019,-0.500307,-1.336404,-0.214607,0.596674,-0.918056,-0.118814,-4.446515,-3.321414,False,False
264,1641767,Ben Sheppard,IND,65,1390.476667,459,195,114,84,39,6,41,168,387,0.434109,39,51,0.764706,-1.120691,-0.919890,-0.706946,-0.251868,-0.972894,-1.112762,1.203703,-0.494160,-0.073302,-4.448810,-3.335479,False,False
265,1630174,Aaron Nesmith,IND,45,1334.950000,621,187,86,105,26,23,63,212,512,0.414062,92,111,0.828829,-0.719479,-0.973122,-0.920019,0.074208,-1.497964,-0.525507,0.786371,-0.934843,0.256814,-4.453541,-3.364463,False,False
266,1642364,Jamir Watkins,WAS,50,1032.176667,368,194,67,47,54,25,40,132,296,0.445946,57,82,0.695122,-1.346063,-0.926544,-1.064605,-0.826383,-0.367044,-0.456418,1.222673,-0.282008,-0.451628,-4.498021,-3.636969,False,False
267,203932,Aaron Gordon,DEN,36,1004.958333,582,209,96,61,21,10,38,198,398,0.497487,125,163,0.766871,-0.816067,-0.826733,-0.843922,-0.608999,-1.699915,-0.974584,1.260612,0.182580,-0.213632,-4.540661,-3.898208,False,False
268,1642348,Justin Edwards,PHI,64,977.018333,386,94,80,67,54,11,36,143,320,0.446875,33,39,0.846154,-1.301484,-1.591945,-0.965678,-0.515834,-0.367044,-0.940040,1.298551,-0.296732,0.129756,-4.550450,-3.958185,False,False
269,1630540,Miles McBride,NYK,41,1080.035000,491,100,106,112,35,9,33,171,404,0.423267,37,47,0.787234,-1.041439,-1.552021,-0.767824,0.182900,-1.134454,-1.009129,1.355460,-0.635811,-0.005616,-4.607934,-4.310360,False,False
270,1630579,Jericho Sims,MIL,67,1317.835000,334,370,104,0,19,17,75,145,185,0.783784,44,71,0.619718,-1.430268,0.244563,-0.783044,-1.556172,-1.780695,-0.732773,0.558735,1.535319,-0.704211,-4.648546,-4.559176,False,False
271,1629020,Jarred Vanderbilt,LAL,65,1127.741667,288,292,84,29,55,19,56,113,240,0.470833,33,56,0.589286,-1.544193,-0.274450,-0.935239,-1.105876,-0.326654,-0.663685,0.919158,-0.065084,-0.655124,-4.651147,-4.575112,False,False
272,1631200,Kris Murray,POR,57,1333.210000,331,206,81,34,51,22,47,129,276,0.467391,39,57,0.684211,-1.437698,-0.846696,-0.958068,-1.028239,-0.488214,-0.560051,1.089885,-0.100863,-0.350318,-4.680263,-4.753491,False,False
273,1629006,Josh Okogie,HOU,78,1353.811667,353,200,69,62,63,16,41,125,294,0.425170,41,69,0.594203,-1.383213,-0.886620,-1.049385,-0.593471,-0.003534,-0.767318,1.203703,-0.447374,-0.787359,-4.714572,-4.963685,False,False
274,1630311,Pat Spencer,GSW,66,1228.926667,476,158,232,60,48,5,85,186,436,0.426606,44,57,0.771930,-1.078588,-1.166088,0.191005,-0.624526,-0.609384,-1.147306,0.369039,-0.646314,-0.057839,-4.770003,-5.303290,False,False
275,1629004,Svi Mykhailiuk,UTA,50,1155.611667,469,124,93,98,26,3,42,173,362,0.477901,25,28,0.892857,-1.095925,-1.392325,-0.866751,-0.034484,-1.497964,-1.216395,1.184733,-0.028108,0.169653,-4.777567,-5.349629,False,False
276,1627747,Caris LeVert,DET,60,1154.415000,443,117,159,60,51,41,82,163,391,0.416880,57,84,0.678571,-1.160317,-1.438903,-0.364507,-0.624526,-0.488214,0.096293,0.425948,-0.683746,-0.543967,-4.781941,-5.376427,False,False
277,1630172,Patrick Williams,CHI,72,1473.780000,505,215,105,95,49,26,75,178,478,0.372385,54,75,0.720000,-1.006766,-0.786809,-0.775434,-0.081066,-0.568994,-0.421874,0.558735,-1.418327,-0.303930,-4.804466,-5.514431,False,False
278,1630264,Anthony Gill,WAS,55,950.946667,321,158,69,17,31,21,36,135,215,0.627907,34,46,0.739130,-1.462464,-1.166088,-1.049385,-1.292206,-1.296014,-0.594596,1.298551,0.866516,-0.134934,-4.830621,-5.674670,False,False
279,1642914,Javon Small,MEM,41,829.908333,396,128,151,60,34,9,56,134,288,0.465278,68,82,0.829268,-1.276718,-1.365709,-0.425385,-0.624526,-1.174844,-1.009129,0.919158,-0.121918,0.191826,-4.887244,-6.021578,False,False
280,203937,Kyle Anderson,MIN,43,853.236667,266,150,126,4,45,26,39,107,202,0.529703,48,68,0.705882,-1.598679,-1.219320,-0.615629,-1.494062,-0.730554,-0.421874,1.241642,0.270876,-0.331719,-4.899319,-6.095554,False,False
281,1628418,Thomas Bryant,CLE,60,731.816667,370,205,33,47,18,26,28,135,267,0.505618,53,66,0.803030,-1.341110,-0.853350,-1.323337,-0.826383,-1.821085,-0.421874,1.450308,0.181934,0.053099,-4.901796,-6.110732,False,False
282,1642272,Jared McCain,OKC,67,1159.666667,558,137,90,99,35,5,56,204,480,0.425000,51,59,0.864407,-0.875506,-1.305822,-0.889580,-0.018956,-1.134454,-1.147306,0.919158,-0.732643,0.259293,-4.925817,-6.257896,False,False
283,1642864,Hugo González,BOS,74,1083.930000,289,246,40,42,42,21,38,117,246,0.475610,13,26,0.500000,-1.541716,-0.580535,-1.270068,-0.904020,-0.851724,-0.594596,1.260612,-0.034534,-0.439959,-4.956540,-6.446123,False,False
284,203484,Kentavious Caldwell-Pope,MEM,51,1087.558333,428,125,139,55,43,8,61,150,366,0.409836,73,80,0.912500,-1.197466,-1.385671,-0.516702,-0.702163,-0.811334,-1.043673,0.824310,-0.710628,0.576644,-4.966683,-6.508268,False,False
285,1642857,Kasparas Jakučionis,MIA,53,944.628333,328,138,137,66,33,7,50,102,238,0.428571,58,66,0.878788,-1.445128,-1.299168,-0.531922,-0.531362,-1.215234,-1.078217,1.032976,-0.339991,0.345578,-5.062469,-7.095105,False,False
286,1641711,Gradey Dick,TOR,76,1066.688333,455,147,51,56,45,7,42,161,384,0.419271,77,88,0.875000,-1.130597,-1.239282,-1.186361,-0.686636,-0.730554,-1.078217,1.184733,-0.646362,0.441272,-5.072004,-7.153524,False,False
287,1629631,De'Andre Hunter,SAC,45,1175.486667,615,185,90,75,30,6,75,208,501,0.415170,124,143,0.867133,-0.734338,-0.986430,-0.889580,-0.391615,-1.336404,-1.112762,0.558735,-0.899568,0.651260,-5.140703,-7.574410,False,False
288,203903,Jordan Clarkson,NYK,72,1279.461667,622,127,96,70,30,9,63,237,526,0.450570,78,94,0.829787,-0.717002,-1.372363,-0.843922,-0.469252,-1.336404,-1.009129,0.786371,-0.434524,0.222752,-5.173473,-7.775177,False,False
289,203076,Anthony Davis,WAS,20,625.630000,407,221,56,10,22,33,41,169,334,0.505988,59,81,0.728395,-1.249475,-0.746885,-1.148312,-1.400898,-1.659524,-0.180063,1.203703,0.230972,-0.288467,-5.238950,-8.176328,False,False
290,1630557,Corey Kispert,ATL,58,1079.606667,532,132,92,87,16,9,45,184,394,0.467005,77,97,0.793814,-0.939898,-1.339093,-0.874361,-0.205286,-1.901865,-1.009129,1.127824,-0.148153,0.025748,-5.264211,-8.331092,False,False
291,1629013,Landry Shamet,NYK,51,1171.055000,475,92,72,103,31,9,30,159,364,0.436813,54,76,0.710526,-1.081065,-1.605253,-1.026556,0.043153,-1.296014,-1.009129,1.412369,-0.437831,-0.350099,-5.350425,-8.859292,False,False
292,1641774,Tristan Vukcevic,WAS,49,670.980000,441,147,55,50,23,33,62,152,317,0.479495,87,111,0.783784,-1.165270,-1.239282,-1.155922,-0.779800,-1.619134,-0.180063,0.805340,-0.010770,-0.035666,-5.380568,-9.043961,False,False
293,1627741,Buddy Hield,ATL,51,819.271667,390,116,71,74,39,9,48,143,327,0.437309,30,37,0.810811,-1.291578,-1.445557,-1.034166,-0.407142,-0.972894,-1.009129,1.070915,-0.388887,0.046607,-5.431830,-9.358025,False,False
294,1631321,Sidy Cissoko,POR,75,1435.055000,383,166,110,59,52,25,70,133,334,0.398204,58,88,0.659091,-1.308914,-1.112856,-0.737385,-0.640054,-0.447824,-0.456418,0.653583,-0.754895,-0.670149,-5.474911,-9.621964,False,False
295,201144,Mike Conley,MIN,54,991.298333,245,93,157,56,35,14,34,72,215,0.334884,45,50,0.900000,-1.650688,-1.598599,-0.379727,-0.686636,-1.134454,-0.836407,1.336490,-0.858751,0.323843,-5.484928,-9.683332,False,False
296,1627824,Guerschon Yabusele,CHI,67,1007.056667,373,234,63,69,26,16,41,125,312,0.400641,54,72,0.750000,-1.333680,-0.660383,-1.095044,-0.484779,-1.497964,-0.767318,1.203703,-0.684345,-0.165422,-5.485233,-9.685199,False,False
297,1631245,Quenton Jackson,IND,49,897.425000,448,114,140,42,31,6,62,154,328,0.469512,98,119,0.823529,-1.147934,-1.458865,-0.509093,-0.904020,-1.296014,-1.112762,0.805340,-0.100816,0.238433,-5.485729,-9.688240,False,False
298,1641712,Rayan Rupert,MEM,64,1072.545000,332,188,68,44,55,9,55,123,313,0.392971,42,54,0.777778,-1.435222,-0.966468,-1.056995,-0.872965,-0.326654,-1.009129,0.938128,-0.752280,-0.036322,-5.517907,-9.885384,False,False
299,1629680,Matisse Thybulle,POR,30,479.650000,174,59,27,37,60,16,28,58,134,0.432836,21,25,0.840000,-1.826528,-1.824836,-1.368995,-0.981657,-0.124704,-0.767318,1.450308,-0.175775,0.074178,-5.545326,-10.053367,False,False
300,203939,Dwight Powell,DAL,63,904.411667,210,257,68,2,34,21,41,65,101,0.643564,78,112,0.696429,-1.737369,-0.507341,-1.056995,-1.525117,-1.174844,-0.594596,1.203703,0.450368,-0.608297,-5.550489,-10.084999,False,False
301,1628975,Jevon Carter,ORL,53,867.441667,339,89,87,78,40,10,36,123,307,0.400651,15,19,0.789474,-1.417885,-1.625215,-0.912410,-0.345032,-0.932504,-0.974584,1.298551,-0.673290,0.000219,-5.582151,-10.278979,False,False
302,1642948,Ryan Nembhard,DAL,60,1170.880000,397,133,316,48,25,2,85,162,390,0.415385,25,31,0.806452,-1.274241,-1.332438,0.830224,-0.810855,-1.538354,-1.250940,0.369039,-0.697967,0.031145,-5.674388,-10.844076,False,False
303,1641738,Kobe Brown,IND,61,962.376667,353,185,80,52,23,12,53,127,271,0.468635,47,59,0.796610,-1.383213,-0.986430,-0.965678,-0.748746,-1.619134,-0.905495,0.976067,-0.089808,0.025310,-5.697127,-10.983387,False,False
304,1631159,Leonard Miller,CHI,46,718.661667,361,181,40,32,17,15,36,145,262,0.553435,39,53,0.735849,-1.363400,-1.013046,-1.270068,-1.059294,-1.861475,-0.801862,1.298551,0.521611,-0.165641,-5.714624,-11.090580,False,False
305,1642962,Drake Powell,BKN,63,1319.513333,408,111,91,51,36,14,60,144,358,0.402235,69,77,0.896104,-1.246999,-1.478827,-0.881971,-0.764273,-1.094064,-0.836407,0.843280,-0.769619,0.481169,-5.747710,-11.293286,False,False
306,1629018,Gary Trent Jr.,MIL,65,1377.381667,529,67,79,123,34,3,41,183,473,0.386892,40,52,0.769231,-0.947328,-1.771603,-0.973288,0.353702,-1.174844,-1.216395,1.203703,-1.215576,-0.060975,-5.802605,-11.629605,False,False
307,1631124,Julian Strawther,DEN,57,860.673333,413,114,61,58,25,6,36,149,319,0.467085,57,70,0.814286,-1.234615,-1.458865,-1.110263,-0.655581,-1.538354,-1.112762,1.298551,-0.119256,0.102405,-5.828741,-11.789731,False,False
308,1631172,Ousmane Dieng,MIL,57,1099.471667,431,180,136,63,25,17,75,168,398,0.422111,32,45,0.711111,-1.190036,-1.019700,-0.539532,-0.577944,-1.538354,-0.732773,0.558735,-0.638976,-0.205756,-5.884337,-12.130340,False,False
309,1631099,Keegan Murray,SAC,23,793.096667,321,132,38,31,24,36,27,126,300,0.420000,38,49,0.775510,-1.462464,-1.339093,-1.285288,-1.074822,-1.578744,-0.076430,1.469278,-0.498979,-0.039459,-5.886001,-12.140535,False,False
310,1629026,Kenrich Williams,OKC,56,855.163333,363,187,79,50,31,5,43,140,296,0.472973,33,52,0.634615,-1.358446,-0.973122,-0.973288,-0.779800,-1.296014,-1.147306,1.165764,-0.062927,-0.470446,-5.895586,-12.199263,False,False
311,1630570,Trendon Watford,PHI,53,863.716667,346,174,132,10,16,22,64,138,268,0.514925,60,77,0.779221,-1.400549,-1.059624,-0.569971,-1.400898,-1.901865,-0.560051,0.767401,0.250924,-0.045294,-5.919925,-12.348378,False,False
312,1630182,Josh Green,CHA,58,907.928333,249,102,47,58,35,6,35,83,181,0.458564,25,28,0.892857,-1.640781,-1.538713,-1.216800,-0.655581,-1.134454,-1.112762,1.317521,-0.109902,0.169653,-5.921820,-12.359986,False,False
313,1631121,Bryce McGowens,NOP,42,879.933333,340,88,62,38,27,8,17,114,237,0.481013,74,95,0.778947,-1.415409,-1.631869,-1.102654,-0.966130,-1.457574,-1.043673,1.658974,0.001796,-0.057401,-6.013939,-12.924361,False,False
314,1629673,Jordan Poole,NOP,39,933.236667,524,77,119,96,22,15,69,165,444,0.371622,98,114,0.859649,-0.959711,-1.705063,-0.668898,-0.065539,-1.659524,-0.801862,0.672553,-1.326723,0.469281,-6.045487,-13.117639,False,False
315,201567,Kevin Love,UTA,37,612.800000,248,215,67,53,14,9,30,79,199,0.396985,37,44,0.840909,-1.643258,-0.786809,-1.064605,-0.733218,-1.982645,-1.009129,1.412369,-0.456414,0.132892,-6.130816,-13.640414,False,False
316,1630534,Ochai Agbaji,BKN,62,973.203333,314,141,47,34,24,17,31,122,280,0.435714,36,43,0.837209,-1.479801,-1.279206,-1.216800,-1.028239,-1.578744,-0.732773,1.393399,-0.345219,0.120566,-6.146818,-13.738455,False,False
317,1629684,Grant Williams,CHA,36,711.453333,252,142,56,52,17,18,31,78,183,0.426230,44,54,0.814815,-1.633351,-1.272552,-1.148312,-0.748746,-1.861475,-0.698229,1.393399,-0.273158,0.080669,-6.161755,-13.829963,False,False
318,1642849,Nolan Traore,BKN,56,1243.391667,499,99,213,61,45,23,129,182,479,0.379958,74,94,0.787234,-1.021626,-1.558675,0.046420,-0.608999,-0.730554,-0.525507,-0.465626,-1.321952,-0.011232,-6.197750,-14.050493,False,False
319,1641740,Jaylen Clark,MIN,68,887.703333,275,120,43,33,47,9,23,99,228,0.434211,44,67,0.656716,-1.576389,-1.418941,-1.247239,-1.043767,-0.649774,-1.009129,1.545156,-0.290496,-0.519533,-6.210111,-14.126223,False,False
320,1631342,Daeqwon Plowden,SAC,32,844.368333,344,97,41,62,23,7,26,120,279,0.430108,42,49,0.857143,-1.405502,-1.571983,-1.262458,-0.593471,-1.619134,-1.078217,1.488247,-0.386825,0.194525,-6.234820,-14.277600,False,False
321,1631246,Vince Williams Jr.,UTA,40,819.395000,300,155,166,55,29,16,70,103,292,0.352740,39,50,0.780000,-1.514473,-1.186050,-0.311239,-0.702163,-1.376794,-0.767318,0.653583,-1.023518,-0.027132,-6.255106,-14.401884,False,False
322,1642877,Micah Peavy,NOP,61,912.935000,262,117,61,28,43,9,20,106,275,0.385455,22,29,0.758621,-1.608585,-1.438903,-1.110263,-1.121404,-0.811334,-1.009129,1.602065,-0.717557,-0.052004,-6.267114,-14.475454,False,False
323,1631133,Jabari Walker,PHI,64,761.668333,276,192,34,32,23,13,27,97,213,0.455399,50,68,0.735294,-1.573912,-0.939852,-1.315727,-1.059294,-1.619134,-0.870951,1.469278,-0.147791,-0.214727,-6.272111,-14.506070,False,False
324,1630224,Jalen Green,PHX,32,828.325000,568,116,91,71,34,8,72,216,512,0.421875,65,87,0.747126,-0.850739,-1.445557,-0.881971,-0.453724,-1.174844,-1.043673,0.615644,-0.825302,-0.214508,-6.274675,-14.521778,False,False
325,1642868,Carter Bryant,SAS,71,817.865000,298,178,47,52,16,23,33,108,265,0.407547,30,42,0.714286,-1.519427,-1.033008,-1.216800,-0.748746,-1.901865,-0.525507,1.355460,-0.531136,-0.184240,-6.305267,-14.709205,False,False
326,1628369,Jayson Tatum,BOS,16,521.850000,348,160,85,47,22,3,39,118,287,0.411150,65,79,0.822785,-1.395596,-1.152780,-0.927629,-0.826383,-1.659524,-1.216395,1.241642,-0.546915,0.154847,-6.328734,-14.852973,False,False
327,1626145,Tyus Jones,DEN,67,978.578333,199,76,159,40,37,3,25,76,218,0.348624,7,9,0.777778,-1.764612,-1.711717,-0.364507,-0.935075,-1.053674,-1.216395,1.507217,-0.788705,-0.006054,-6.333523,-14.882312,False,False
328,1642869,Noah Penda,ORL,59,757.275000,227,187,70,30,30,18,42,82,203,0.403941,33,48,0.687500,-1.695267,-0.973122,-1.041776,-1.090349,-1.336404,-0.698229,1.184733,-0.426918,-0.285769,-6.363100,-15.063522,False,False
329,1631093,Jaden Ivey,CHI,37,670.255000,316,91,68,50,23,14,41,114,256,0.445312,38,47,0.808511,-1.474848,-1.611907,-1.056995,-0.779800,-1.619134,-0.836407,1.203703,-0.248340,0.052880,-6.370848,-15.110990,False,False
330,1628366,Lonzo Ball,CLE,35,727.743333,160,140,136,40,45,9,52,53,176,0.301136,14,21,0.666667,-1.861200,-1.285860,-0.539532,-0.935075,-0.730554,-1.009129,0.995037,-0.865633,-0.150616,-6.382561,-15.182752,False,False
331,1631250,Pete Nance,MIL,47,737.098333,254,125,48,50,14,14,26,100,194,0.515464,4,11,0.363636,-1.628398,-1.385671,-1.209190,-0.779800,-1.982645,-0.836407,1.488247,0.184500,-0.273880,-6.423243,-15.431990,False,False
332,1630703,Scoot Henderson,POR,30,747.830000,427,80,112,57,27,9,73,143,342,0.418129,84,100,0.840000,-1.199943,-1.685101,-0.722166,-0.671108,-1.457574,-1.009129,0.596674,-0.586363,0.296710,-6.438000,-15.522400,False,False
333,1631126,Caleb Love,POR,49,1012.608333,509,114,123,93,27,4,62,190,490,0.387755,36,49,0.734694,-0.996860,-1.458865,-0.638459,-0.112121,-1.457574,-1.181851,0.805340,-1.247686,-0.156450,-6.444525,-15.562378,False,False
334,1628997,Caleb Martin,DAL,58,856.211667,227,143,81,20,40,15,40,85,189,0.449735,37,61,0.606557,-1.695267,-1.265898,-0.958068,-1.245623,-0.932504,-0.801862,1.222673,-0.160452,-0.651987,-6.488990,-15.834797,False,False
335,1642382,Branden Carlson,OKC,42,488.203333,242,124,29,31,8,27,16,98,186,0.526882,15,26,0.576923,-1.658117,-1.392325,-1.353776,-1.074822,-2.224985,-0.387329,1.677944,0.235050,-0.322967,-6.501326,-15.910371,False,False
336,1631123,Jamaree Bouyea,PHX,46,644.058333,263,82,82,23,29,16,30,108,236,0.457627,24,35,0.685714,-1.606108,-1.671793,-0.950459,-1.199041,-1.376794,-0.767318,1.412369,-0.149350,-0.212029,-6.520523,-16.027987,False,False
337,1630228,Jonathan Kuminga,ATL,36,830.496667,438,202,83,35,22,11,67,157,339,0.463127,89,123,0.723577,-1.172700,-0.873312,-0.942849,-1.012712,-1.659524,-0.940040,0.710492,-0.163475,-0.472707,-6.526826,-16.066603,False,False
338,1641724,Jett Howard,ORL,55,695.320000,301,87,45,54,10,11,15,105,251,0.418327,37,39,0.948718,-1.511997,-1.638523,-1.232019,-0.717691,-2.144205,-0.940040,1.696914,-0.428981,0.363739,-6.552803,-16.225750,False,False
339,1628988,Aaron Holiday,HOU,57,780.731667,312,58,60,67,27,5,38,105,252,0.416667,35,41,0.853659,-1.484754,-1.831490,-1.117873,-0.515834,-1.457574,-1.147306,1.260612,-0.442146,0.154409,-6.581957,-16.404366,False,False
340,1642278,Tyler Kolek,NYK,62,727.161667,274,98,170,44,22,4,55,108,248,0.435484,14,20,0.700000,-1.578866,-1.565329,-0.280800,-0.872965,-1.659524,-1.181851,0.938128,-0.307331,-0.104446,-6.612984,-16.594452,False,False
341,1627734,Domantas Sabonis,SAC,19,563.588333,301,216,78,5,18,4,51,120,221,0.542986,56,77,0.727273,-1.511997,-0.780155,-0.980898,-1.478535,-1.821085,-1.181851,1.014006,0.376748,-0.279277,-6.643043,-16.778610,False,False
342,1630536,Sharife Cooper,WAS,41,699.998333,333,86,124,29,16,5,61,127,247,0.514170,50,60,0.833333,-1.432745,-1.645177,-0.630849,-1.105876,-1.901865,-1.147306,0.824310,0.226153,0.154628,-6.658727,-16.874704,False,False
343,1630167,Obi Toppin,IND,24,423.725000,279,106,55,37,12,1,28,100,199,0.502513,42,46,0.913043,-1.566483,-1.512097,-1.155922,-0.981657,-2.063425,-1.285484,1.450308,0.118675,0.333033,-6.663051,-16.901192,False,False
344,1629660,Ty Jerome,MEM,15,338.688333,295,42,85,42,16,4,27,102,215,0.474419,49,56,0.875000,-1.526857,-1.937954,-0.927629,-0.904020,-1.901865,-1.181851,1.469278,-0.037195,0.280810,-6.667282,-16.927118,False,False
345,1642265,Rob Dillingham,CHI,65,969.953333,409,131,143,42,47,6,100,163,412,0.395631,41,55,0.745455,-1.244522,-1.345747,-0.486263,-0.904020,-0.649774,-1.112762,0.084494,-0.960212,-0.140988,-6.759794,-17.493896,False,False
346,1630192,Zeke Nnaji,DEN,52,625.988333,190,136,29,14,17,24,27,71,151,0.470199,34,44,0.772727,-1.786902,-1.312476,-1.353776,-1.338788,-1.861475,-0.490962,1.469278,-0.043573,-0.042595,-6.761269,-17.502934,False,False
347,1629618,Jalen Pickett,DEN,50,806.480000,260,114,115,49,13,5,34,98,232,0.422414,15,19,0.789474,-1.613538,-1.458865,-0.699337,-0.795328,-2.023035,-1.147306,1.336490,-0.370542,0.000219,-6.771241,-17.564026,False,False
348,1629630,Ja Morant,MEM,20,568.500000,389,65,161,20,20,6,71,132,322,0.409938,105,117,0.897436,-1.294054,-1.784911,-0.349288,-1.245623,-1.740305,-1.112762,0.634614,-0.624299,0.740243,-6.776386,-17.595547,False,False
349,1630702,Jaden Hardy,WAS,57,898.096667,523,86,58,104,16,6,62,182,429,0.424242,55,75,0.733333,-0.962187,-1.645177,-1.133093,0.058681,-1.901865,-1.112762,0.805340,-0.663700,-0.245434,-6.800196,-17.741422,False,False
350,203500,Steven Adams,HOU,32,730.365000,187,276,48,0,22,20,35,70,139,0.503597,47,81,0.580247,-1.794332,-0.380915,-1.209190,-1.556172,-1.659524,-0.629140,1.317521,0.087022,-0.990417,-6.815147,-17.833021,False,False
351,1642066,Myron Gardner,MIA,45,410.505000,163,122,44,26,20,8,17,59,123,0.479675,19,26,0.730769,-1.853770,-1.405633,-1.239629,-1.152459,-1.740305,-1.043673,1.658974,-0.003574,-0.088983,-6.869052,-18.163274,False,False
352,1642269,Devin Carter,SAC,38,699.868333,339,125,101,30,34,9,54,121,292,0.414384,67,94,0.712766,-1.417885,-1.385671,-0.805873,-1.090349,-1.174844,-1.009129,0.957098,-0.530585,-0.420702,-6.877941,-18.217734,False,False
353,1627752,Taurean Prince,MIL,26,611.303333,239,81,46,61,16,6,31,86,191,0.450262,6,6,1.000000,-1.665547,-1.678447,-1.224410,-0.608999,-1.901865,-1.112762,1.393399,-0.159397,0.073959,-6.884069,-18.255275,False,False
354,203914,Gary Harris,MIL,48,660.768333,128,61,51,28,27,9,19,46,104,0.442308,8,9,0.888889,-1.940452,-1.811527,-1.186361,-1.121404,-1.457574,-1.009129,1.621035,-0.109446,0.052442,-6.962416,-18.735277,False,False
355,1631213,Tyrese Martin,PHI,46,776.610000,290,116,78,53,25,6,40,109,277,0.393502,19,28,0.678571,-1.539240,-1.445557,-0.980898,-0.733218,-1.538354,-1.112762,1.222673,-0.661732,-0.181322,-6.970410,-18.784250,False,False
356,1642878,Tyrese Proctor,CLE,50,545.086667,272,64,74,46,25,0,40,93,225,0.413333,40,45,0.888889,-1.583819,-1.791565,-1.011337,-0.841910,-1.538354,-1.320028,1.222673,-0.415312,0.262211,-7.017443,-19.072403,False,False
357,1642275,Tidjane Salaün,CHA,37,575.380000,222,149,27,36,16,7,26,80,159,0.503145,26,40,0.650000,-1.707650,-1.225974,-1.368995,-0.997184,-1.901865,-1.078217,1.488247,0.097573,-0.325884,-7.019949,-19.087758,False,False
358,1630619,Moussa Cisse,DAL,38,529.580000,170,216,9,0,19,45,30,66,115,0.573913,38,81,0.469136,-1.836434,-0.780155,-1.505971,-1.556172,-1.780695,0.234470,1.412369,0.293442,-1.516880,-7.036025,-19.186245,False,False
359,1629216,Gabe Vincent,ATL,53,879.078333,231,54,76,59,27,3,27,76,216,0.351852,20,23,0.869565,-1.685360,-1.858106,-0.996117,-0.640054,-1.457574,-1.216395,1.469278,-0.762375,0.108021,-7.038683,-19.202529,False,False
360,1631207,Dalen Terry,PHI,48,551.026667,176,86,66,24,29,15,26,68,155,0.438710,16,30,0.533333,-1.821574,-1.645177,-1.072215,-1.183514,-1.376794,-0.801862,1.488247,-0.178389,-0.449149,-7.040426,-19.213212,False,False
361,1642949,Yanic Konan Niederhäuser,LAC,41,423.678333,176,117,12,1,5,30,23,64,100,0.640000,47,62,0.758065,-1.821574,-1.438903,-1.483141,-1.540644,-2.346155,-0.283696,1.545156,0.436147,-0.113198,-7.046008,-19.247408,False,False
362,1642854,Asa Newell,ATL,44,499.908333,227,96,26,29,16,15,23,91,169,0.538462,16,29,0.551724,-1.695267,-1.578637,-1.376605,-1.105876,-1.901865,-0.801862,1.545156,0.267160,-0.402979,-7.050775,-19.276613,False,False
363,1630574,Ariel Hukporti,NYK,54,497.961667,117,159,29,1,9,26,32,45,80,0.562500,26,33,0.787879,-1.967695,-1.159434,-1.353776,-1.540644,-2.184595,-0.421874,1.374430,0.179130,-0.002698,-7.077156,-19.438240,False,False
364,1627749,Dejounte Murray,NOP,14,389.416667,234,75,89,19,23,3,47,88,182,0.483516,39,45,0.866667,-1.677930,-1.718371,-0.897190,-1.261151,-1.619134,-1.216395,1.089885,0.013858,0.203715,-7.082714,-19.472291,False,False
365,1642853,Rasheer Fleming,PHX,55,673.401667,238,124,16,45,22,21,29,87,215,0.404651,19,34,0.558824,-1.668024,-1.392325,-1.452702,-0.857438,-1.659524,-0.594596,1.431339,-0.447973,-0.458339,-7.099582,-19.575632,False,False
366,1642866,Joan Beringer,MIN,40,314.131667,156,92,12,0,7,26,11,65,98,0.663265,26,37,0.702703,-1.871107,-1.605253,-1.483141,-1.556172,-2.265375,-0.421874,1.772792,0.489863,-0.187376,-7.127642,-19.747548,False,False
367,1642885,Mohamed Diawara,NYK,69,634.151667,246,94,53,48,17,6,30,90,213,0.422535,18,24,0.750000,-1.648211,-1.591945,-1.171141,-0.810855,-1.861475,-1.112762,1.412369,-0.339487,-0.055141,-7.178648,-20.060038,False,False
368,1631131,Oscar Tshiebwe,UTA,27,448.420000,211,179,32,0,16,5,21,92,145,0.634483,27,49,0.551020,-1.734893,-1.026354,-1.330946,-1.556172,-1.901865,-1.147306,1.583096,0.610506,-0.682913,-7.186847,-20.110270,False,False
369,1626166,Cameron Payne,PHI,22,374.336667,163,44,58,32,24,7,11,56,149,0.375839,19,22,0.863636,-1.853770,-1.924646,-1.133093,-1.059294,-1.578744,-1.078217,1.772792,-0.428021,0.095694,-7.187299,-20.113041,False,False
370,1642879,Ben Saraf,BKN,44,916.318333,332,92,145,19,38,8,99,120,303,0.396040,73,88,0.829545,-1.435222,-1.605253,-0.471044,-1.261151,-1.013284,-1.043673,0.103464,-0.702786,0.207289,-7.221660,-20.323553,False,False
371,1630811,Keaton Wallace,ATL,53,535.990000,186,56,94,38,24,5,28,68,171,0.397661,12,18,0.666667,-1.796808,-1.844798,-0.859141,-0.966130,-1.578744,-1.147306,1.450308,-0.389030,-0.129099,-7.260748,-20.563030,False,False
372,1642863,Khaman Maluach,PHX,46,411.025000,139,133,6,5,5,33,25,56,105,0.533333,22,31,0.709677,-1.913209,-1.332438,-1.528800,-1.478535,-2.346155,-0.180063,1.507217,0.151241,-0.144343,-7.265085,-20.589599,False,False
373,1628371,Jonathan Isaac,ORL,52,520.893333,134,132,22,7,20,31,18,46,109,0.422018,35,58,0.603448,-1.925592,-1.339093,-1.407044,-1.447480,-1.740305,-0.249152,1.640005,-0.175271,-0.630471,-7.274402,-20.646682,False,False
374,1629234,Drew Eubanks,SAC,42,552.270000,219,127,19,1,15,26,30,93,156,0.596154,32,57,0.561404,-1.715080,-1.372363,-1.429873,-1.540644,-1.942255,-0.421874,1.412369,0.493075,-0.759789,-7.276433,-20.659122,False,False
375,1643016,Bez Mbeng,UTA,15,492.185000,122,57,62,6,34,5,22,50,100,0.500000,16,25,0.640000,-1.955312,-1.838144,-1.102654,-1.463007,-1.174844,-1.147306,1.564126,0.052755,-0.218302,-7.282687,-20.697443,False,False
376,1630208,Nick Richards,CHI,48,700.710000,276,243,16,5,10,32,59,103,201,0.512438,65,101,0.643564,-1.573912,-0.600497,-1.452702,-1.478535,-2.144205,-0.214607,0.862249,0.174500,-0.860880,-7.288588,-20.733596,False,False
377,1641744,Zach Edey,MEM,11,283.851667,150,122,12,1,7,21,26,62,98,0.632653,25,32,0.781250,-1.885966,-1.405633,-1.483141,-1.540644,-2.265375,-0.594596,1.488247,0.407707,-0.015025,-7.294425,-20.769356,False,False
378,1629027,Trae Young,WAS,15,383.753333,269,30,120,27,13,2,39,81,177,0.457627,80,97,0.824742,-1.591249,-2.017802,-0.661288,-1.136931,-2.023035,-1.250940,1.241642,-0.112013,0.201235,-7.350379,-21.112160,False,False
379,1631107,Nikola Jović,MIA,47,808.018333,344,153,102,45,26,17,65,115,314,0.366242,69,101,0.683168,-1.405502,-1.199358,-0.798263,-0.857438,-1.497964,-0.732773,0.748431,-0.984527,-0.626897,-7.354291,-21.136130,False,False
380,1630679,Ethan Thompson,IND,32,653.231667,223,69,57,38,20,9,25,74,196,0.377551,37,47,0.787234,-1.705173,-1.758295,-1.140702,-0.966130,-1.740305,-1.009129,1.507217,-0.553845,-0.005616,-7.371977,-21.244482,False,False
381,1631288,Jamal Cain,ORL,40,485.968333,215,78,29,28,11,4,19,74,152,0.486842,39,46,0.847826,-1.724986,-1.698409,-1.353776,-1.121404,-2.103815,-1.181851,1.621035,0.025417,0.157545,-7.380243,-21.295123,False,False
382,1631110,Jeremy Sochan,NYK,44,468.551667,158,107,40,11,17,7,21,64,129,0.496124,19,26,0.730769,-1.866153,-1.505443,-1.270068,-1.385370,-1.861475,-1.078217,1.583096,0.054361,-0.088983,-7.418253,-21.527997,False,False
383,1629021,Moritz Wagner,ORL,36,426.595000,247,115,27,22,15,2,19,83,195,0.425641,59,72,0.819444,-1.645734,-1.452211,-1.368995,-1.214568,-1.942255,-1.250940,1.621035,-0.294213,0.127058,-7.420823,-21.543741,False,False
384,1630592,Jalen Wilson,BKN,54,859.221667,343,114,50,54,22,2,38,110,278,0.395683,69,96,0.718750,-1.407979,-1.458865,-1.193971,-0.717691,-1.659524,-1.250940,1.260612,-0.647511,-0.396050,-7.471918,-21.856780,False,False
385,1642859,Jase Richardson,ORL,54,586.748333,239,63,58,28,19,2,25,89,188,0.473404,33,46,0.717391,-1.665547,-1.798219,-1.133093,-1.121404,-1.780695,-1.250940,1.507217,-0.037747,-0.193430,-7.473856,-21.868655,False,False
386,1630544,Tre Mann,CHA,53,668.458333,291,92,86,50,25,5,54,109,303,0.359736,23,27,0.851852,-1.536763,-1.605253,-0.920019,-0.779800,-1.538354,-1.147306,0.957098,-1.004023,0.098830,-7.475591,-21.879284,False,False
387,1643052,Chaney Johnson,BKN,17,347.583333,139,79,36,9,15,9,20,51,94,0.542553,28,35,0.800000,-1.913209,-1.691755,-1.300507,-1.416425,-1.942255,-1.009129,1.602065,0.159130,0.021954,-7.490130,-21.968354,False,False
388,1642261,Dalton Knecht,LAL,54,552.928333,228,75,21,38,11,11,23,87,191,0.455497,16,22,0.727273,-1.692790,-1.718371,-1.414654,-0.966130,-2.103815,-0.940040,1.545156,-0.132012,-0.079793,-7.502448,-22.043823,False,False
389,1642277,Johnny Furphy,IND,35,643.053333,180,153,41,23,20,7,29,70,149,0.469799,17,35,0.485714,-1.811668,-1.199358,-1.262458,-1.199041,-1.740305,-1.078217,1.431339,-0.044628,-0.621500,-7.525837,-22.187118,False,False
390,1631204,Marcus Sasser,DET,38,456.503333,197,39,75,44,20,4,31,69,177,0.389831,15,18,0.833333,-1.769565,-1.957916,-1.003727,-0.872965,-1.740305,-1.181851,1.393399,-0.440635,0.046388,-7.527175,-22.195316,False,False
391,1641989,Elijah Harkless,UTA,26,544.813333,178,53,75,21,31,6,26,54,161,0.335404,49,64,0.765625,-1.816621,-1.864760,-1.003727,-1.230096,-1.296014,-1.112762,1.488247,-0.640772,-0.088546,-7.565049,-22.427355,False,False
392,1641771,Jalen Slawson,IND,13,310.550000,95,57,36,15,20,14,17,34,77,0.441558,12,17,0.705882,-2.022181,-1.838144,-1.300507,-1.323260,-1.740305,-0.836407,1.658974,-0.082612,-0.082930,-7.567370,-22.441574,False,False
393,1631218,Trayce Jackson-Davis,TOR,53,496.036667,181,145,39,1,17,24,23,71,124,0.572581,38,74,0.513514,-1.809191,-1.252590,-1.277678,-1.540644,-1.861475,-0.490962,1.545156,0.311883,-1.193694,-7.569196,-22.452757,False,False
394,1630560,Cam Thomas,MIL,42,880.526667,567,71,108,52,9,4,74,189,461,0.409978,137,169,0.810651,-0.853216,-1.744987,-0.752605,-0.748746,-2.184595,-1.181851,0.577705,-0.893285,0.211301,-7.570278,-22.459388,False,False
395,1642942,Jahmai Mashack,MEM,31,673.151667,192,81,69,19,37,14,49,77,195,0.394872,19,35,0.542857,-1.781948,-1.678447,-1.049385,-1.261151,-1.053674,-0.836407,1.051946,-0.458524,-0.504508,-7.572099,-22.470545,False,False
396,1643007,Taelon Peter,IND,38,492.230000,171,59,40,41,26,4,27,60,158,0.379747,10,16,0.625000,-1.833957,-1.824836,-1.270068,-0.919547,-1.497964,-1.181851,1.469278,-0.436966,-0.153752,-7.649663,-22.945749,False,False
397,1642419,Jamison Battle,TOR,61,516.778333,192,89,24,35,7,3,19,74,145,0.510345,9,14,0.642857,-1.781948,-1.625215,-1.391824,-1.012712,-2.265375,-1.216395,1.621035,0.117572,-0.119909,-7.674771,-23.099573,False,False
398,1641869,Malachi Smith,BKN,15,358.820000,124,51,49,20,12,4,14,48,99,0.484848,8,8,1.000000,-1.950359,-1.878068,-1.201580,-1.245623,-2.063425,-1.181851,1.715883,0.011150,0.098612,-7.695261,-23.225105,False,False
399,1641722,Jordan Hawkins,NOP,51,691.975000,258,88,42,47,13,10,34,94,257,0.365759,23,27,0.851852,-1.618492,-1.631869,-1.254849,-0.826383,-2.023035,-0.974584,1.336490,-0.809208,0.098830,-7.703099,-23.273123,False,False
400,1641763,Julian Phillips,MIN,48,427.016667,140,49,10,20,22,7,11,51,121,0.421488,18,23,0.782609,-1.910733,-1.891376,-1.498361,-1.245623,-1.659524,-1.078217,1.772792,-0.196326,-0.008971,-7.716339,-23.354243,False,False
401,1630175,Cole Anthony,MIL,35,526.635000,234,87,121,22,20,11,65,98,231,0.424242,16,26,0.615385,-1.677930,-1.638523,-0.653678,-1.214568,-1.740305,-0.940040,0.748431,-0.357377,-0.264471,-7.738461,-23.489772,False,False
402,1626204,Larry Nance Jr.,CLE,35,448.770000,131,93,34,21,21,6,20,52,124,0.419355,6,13,0.461538,-1.933022,-1.598599,-1.315727,-1.230096,-1.699915,-1.112762,1.602065,-0.208436,-0.249227,-7.745718,-23.534233,False,False
403,1641778,Leaky Black,WAS,15,433.076667,106,75,22,19,18,8,14,40,103,0.388350,7,8,0.875000,-1.994938,-1.718371,-1.407044,-1.261151,-1.821085,-1.043673,1.715883,-0.260592,0.040116,-7.750854,-23.565702,False,False
404,1630545,Terrence Shannon Jr,MIN,43,537.675000,241,49,38,31,14,1,24,77,171,0.450292,56,70,0.800000,-1.660594,-1.891376,-1.285288,-1.074822,-1.982645,-1.285484,1.526187,-0.142563,0.043909,-7.752675,-23.576857,False,False
405,1631132,Christian Koloko,ATL,27,356.668333,73,81,18,1,14,23,16,31,74,0.418919,10,15,0.666667,-2.076666,-1.678447,-1.437483,-1.540644,-1.982645,-0.525507,1.677944,-0.125272,-0.107583,-7.796303,-23.844149,False,False
406,1642504,Cormac Ryan,MIL,11,270.678333,157,28,19,27,11,3,17,53,102,0.519608,24,26,0.923077,-1.868630,-2.031110,-1.429873,-1.136931,-2.103815,-1.216395,1.658974,0.108580,0.203496,-7.815704,-23.963008,False,False
407,1642882,Julian Reese,WAS,13,401.500000,154,137,24,0,18,8,32,63,119,0.529412,28,44,0.636364,-1.876060,-1.305822,-1.391824,-1.556172,-1.821085,-1.043673,1.374430,0.158627,-0.393570,-7.855150,-24.204679,False,False
408,1630604,E.J. Liddell,BKN,26,349.190000,147,69,24,18,6,10,15,54,111,0.486486,21,26,0.807692,-1.893396,-1.758295,-1.391824,-1.276678,-2.305765,-0.974584,1.696914,0.017480,0.028008,-7.858141,-24.223003,False,False
409,1628396,Tony Bradley,ATL,41,450.686667,162,116,22,2,6,7,18,64,117,0.547009,32,43,0.744186,-1.856247,-1.445557,-1.407044,-1.525117,-2.305765,-1.078217,1.640005,0.212342,-0.113417,-7.879018,-24.350905,False,False
410,1626172,Kevon Looney,NOP,21,307.486667,59,118,34,2,9,10,9,25,60,0.416667,7,10,0.700000,-2.111339,-1.432249,-1.315727,-1.525117,-2.184595,-0.974584,1.810731,-0.105273,-0.052223,-7.890375,-24.420486,False,False
411,1629599,Amir Coffey,PHX,46,490.501667,149,57,27,17,9,5,9,55,113,0.486726,22,28,0.785714,-1.888443,-1.838144,-1.368995,-1.292206,-2.184595,-1.147306,1.810731,0.018535,-0.005835,-7.896256,-24.456518,False,False
412,1642880,Kam Jones,IND,37,616.325000,162,60,119,22,18,0,36,68,169,0.402367,4,8,0.500000,-1.856247,-1.818181,-0.668898,-1.214568,-1.821085,-1.320028,1.298551,-0.362700,-0.135372,-7.898528,-24.470435,False,False
413,1631199,Ron Harper Jr.,BOS,29,317.526667,123,48,22,28,10,9,8,46,110,0.418182,3,4,0.750000,-1.952835,-1.898030,-1.407044,-1.121404,-2.144205,-1.009129,1.829701,-0.188436,-0.009190,-7.900571,-24.482953,False,False
414,1627827,Dorian Finney-Smith,HOU,37,620.311667,123,93,36,27,16,6,22,44,132,0.333333,8,9,0.888889,-1.952835,-1.598599,-1.300507,-1.136931,-1.901865,-1.112762,1.564126,-0.532837,0.052442,-7.919768,-24.600568,False,False
415,1630165,Killian Hayes,SAC,23,405.526667,127,54,81,17,21,4,28,42,138,0.304348,26,28,0.928571,-1.942929,-1.858106,-0.958068,-1.292206,-1.699915,-1.181851,1.450308,-0.666598,0.228149,-7.921215,-24.609428,False,False
416,1642396,Blake Hinson,UTA,14,285.433333,167,33,16,37,5,2,5,59,115,0.513043,12,16,0.750000,-1.843864,-1.997840,-1.452702,-0.981657,-2.346155,-1.250940,1.886610,0.101746,-0.036760,-7.921562,-24.611555,False,False
417,1641715,Cam Whitmore,WAS,21,353.983333,193,58,15,16,15,8,18,77,169,0.455621,23,31,0.741935,-1.779472,-1.831490,-1.460312,-1.307733,-1.942255,-1.043673,1.640005,-0.116233,-0.085847,-7.927010,-24.644931,False,False
418,1642352,Keshad Johnson,MIA,32,279.521667,136,62,8,13,15,8,13,51,104,0.490385,21,29,0.724138,-1.920639,-1.804873,-1.513580,-1.354315,-1.942255,-1.043673,1.734853,0.027480,-0.110500,-7.927503,-24.647955,False,False
419,1630623,Tyson Etienne,BKN,24,380.016667,189,27,40,43,11,0,16,58,145,0.400000,30,36,0.833333,-1.789378,-2.037764,-1.270068,-0.888492,-2.103815,-1.320028,1.677944,-0.320590,0.092777,-7.959416,-24.843470,False,False
420,203482,Kelly Olynyk,SAS,42,360.213333,133,76,49,12,15,3,24,47,96,0.489583,27,38,0.710526,-1.928069,-1.711717,-1.201580,-1.369843,-1.942255,-1.216395,1.526187,0.023260,-0.175050,-7.995462,-25.064312,False,False
421,1629162,Jordan McLaughlin,SAS,44,281.616667,89,32,38,17,20,2,15,33,79,0.417722,6,7,0.857143,-2.037040,-2.004494,-1.285288,-1.292206,-1.740305,-1.250940,1.696914,-0.136327,0.027789,-8.021896,-25.226260,False,False
422,1642355,Bronny James,LAL,42,375.491667,122,23,51,22,19,4,25,47,115,0.408696,6,7,0.857143,-1.955312,-2.064380,-1.186361,-1.214568,-1.780695,-1.181851,1.507217,-0.226876,0.027789,-8.075036,-25.551828,False,False
423,1628467,Maxi Kleber,LAL,43,461.010000,86,84,27,6,18,11,17,33,73,0.452055,14,26,0.538462,-2.044470,-1.658485,-1.368995,-1.463007,-1.821085,-0.940040,1.658974,-0.057337,-0.381463,-8.075907,-25.557165,False,False
424,203926,Doug McDermott,SAC,29,439.198333,164,37,22,48,6,4,13,54,139,0.388489,8,9,0.888889,-1.851294,-1.971224,-1.407044,-0.810855,-2.305765,-1.181851,1.734853,-0.351141,0.052442,-8.091878,-25.655010,False,False
425,1630256,Jae'Sean Tate,HOU,46,404.723333,129,73,25,10,10,3,16,56,109,0.513761,7,11,0.636364,-1.937975,-1.731679,-1.384215,-1.400898,-2.144205,-1.216395,1.677944,0.098581,-0.098393,-8.137235,-25.932891,False,False
426,1642502,Malevy Leons,GSW,25,276.471667,83,53,23,4,14,9,13,32,72,0.444444,15,19,0.789474,-2.051900,-1.864760,-1.399434,-1.494062,-1.982645,-1.009129,1.734853,-0.071557,0.000219,-8.138414,-25.940119,False,False
427,203992,Bogdan Bogdanović,LAC,23,452.060000,171,59,51,33,10,3,27,59,152,0.388158,20,25,0.800000,-1.833957,-1.824836,-1.186361,-1.043767,-2.144205,-1.216395,1.469278,-0.385361,0.015682,-8.149921,-26.010617,False,False
428,1629622,Max Strus,CLE,12,288.295000,134,65,24,33,3,0,9,47,106,0.443396,7,9,0.777778,-1.925592,-1.784911,-1.391824,-1.043767,-2.426935,-1.320028,1.810731,-0.108391,-0.006054,-8.196771,-26.297645,False,False
429,1642967,John Poulakidas,DAL,13,253.435000,115,30,11,31,7,4,4,39,91,0.428571,6,7,0.857143,-1.972648,-2.017802,-1.490751,-1.074822,-2.265375,-1.181851,1.905580,-0.129997,0.027789,-8.199876,-26.316668,False,False
430,1642862,Liam McNeeley,CHA,31,367.521667,132,73,24,24,5,3,13,38,95,0.400000,32,39,0.820513,-1.930546,-1.731679,-1.391824,-1.183514,-2.346155,-1.216395,1.734853,-0.210042,0.071260,-8.204042,-26.342189,False,False
431,1630639,A.J. Lawson,TOR,24,226.115000,101,43,7,19,12,4,6,34,78,0.435897,14,18,0.777778,-2.007321,-1.931300,-1.521190,-1.261151,-2.063425,-1.181851,1.867640,-0.095777,-0.012107,-8.206481,-26.357134,False,False
432,1631103,Malaki Branham,WAS,28,275.478333,128,44,23,14,10,3,15,43,91,0.472527,28,34,0.823529,-1.940452,-1.924646,-1.399434,-1.338788,-2.144205,-1.216395,1.696914,-0.020456,0.068124,-8.219338,-26.435904,False,False
433,1642367,Jonathan Mogbo,TOR,40,248.896667,61,68,25,0,11,8,14,26,44,0.590909,9,14,0.642857,-2.106386,-1.764949,-1.384215,-1.556172,-2.103815,-1.043673,1.715883,0.132753,-0.119909,-8.230482,-26.504178,False,False
434,1626156,D'Angelo Russell,WAS,26,494.775000,264,61,104,33,12,2,49,94,232,0.405172,43,60,0.716667,-1.603632,-1.811527,-0.783044,-1.043767,-2.063425,-1.250940,1.051946,-0.480082,-0.254843,-8.239314,-26.558287,False,False
435,1630590,Scotty Pippen Jr.,MEM,10,211.866667,114,22,47,10,19,4,27,43,96,0.447917,18,23,0.782609,-1.975125,-2.071034,-1.216800,-1.400898,-1.780695,-1.181851,1.469278,-0.086281,-0.008971,-8.252376,-26.638313,False,False
436,1630526,Jeremiah Robinson-Earl,DAL,22,360.615000,101,103,15,10,9,1,12,37,100,0.370000,17,18,0.944444,-2.007321,-1.532059,-1.460312,-1.400898,-2.184595,-1.285484,1.753822,-0.303252,0.163380,-8.256718,-26.664914,False,False
437,1631174,Tyler Burton,MEM,12,306.743333,129,50,12,22,11,4,11,42,112,0.375000,23,27,0.851852,-1.937975,-1.884722,-1.483141,-1.214568,-2.103815,-1.181851,1.772792,-0.324307,0.098830,-8.258757,-26.677405,False,False
438,1630587,Isaiah Livers,PHX,36,347.360000,65,61,21,12,13,8,12,22,64,0.343750,9,12,0.750000,-2.096479,-1.811527,-1.414654,-1.369843,-2.023035,-1.043673,1.753822,-0.240089,-0.027570,-8.273047,-26.764956,False,False
439,1641871,Duop Reath,POR,32,258.170000,94,38,10,23,5,8,7,33,74,0.445946,5,6,0.833333,-2.024657,-1.964570,-1.498361,-1.199041,-2.346155,-1.043673,1.848671,-0.070502,0.015463,-8.282825,-26.824862,False,False
440,1642353,Cam Christie,LAC,55,479.750000,156,78,31,12,16,3,22,53,139,0.381295,38,50,0.760000,-1.871107,-1.698409,-1.338556,-1.369843,-1.901865,-1.216395,1.564126,-0.378526,-0.085628,-8.296203,-26.906821,False,False
441,1629646,Charles Bassey,GSW,13,152.703333,76,57,7,0,4,11,6,31,47,0.659574,14,20,0.700000,-2.069236,-1.838144,-1.521190,-1.556172,-2.386545,-0.940040,1.867640,0.230184,-0.104446,-8.317949,-27.040049,False,False
442,1626192,Pat Connaughton,CHA,42,296.518333,110,61,18,21,11,1,11,38,85,0.447059,13,20,0.650000,-1.985031,-1.811527,-1.437483,-1.230096,-2.103815,-1.285484,1.772792,-0.078392,-0.162942,-8.321978,-27.064733,False,False
443,1641733,Nick Smith Jr.,LAL,30,374.876667,185,23,31,34,9,2,21,70,161,0.434783,11,15,0.733333,-1.799285,-2.064380,-1.338556,-1.028239,-2.184595,-1.250940,1.583096,-0.202609,-0.049087,-8.334594,-27.142030,False,False
444,1631117,Walker Kessler,UTA,5,153.980000,72,54,15,6,7,9,16,26,37,0.702703,14,20,0.700000,-2.079143,-1.858106,-1.460312,-1.463007,-2.265375,-1.009129,1.677944,0.224908,-0.104446,-8.336665,-27.154718,False,False
445,1642964,Brooks Barnhizer,OKC,40,347.881667,68,78,22,7,11,5,10,27,71,0.380282,7,10,0.700000,-2.089049,-1.698409,-1.407044,-1.447480,-2.103815,-1.147306,1.791762,-0.195318,-0.052223,-8.348882,-27.229568,False,False
446,201599,DeAndre Jordan,NOP,12,198.800000,53,76,11,0,4,10,9,21,32,0.656250,11,17,0.647059,-2.126199,-1.711717,-1.490751,-1.556172,-2.386545,-0.974584,1.810731,0.153807,-0.141426,-8.422854,-27.682763,False,False
447,1641790,PJ Hall,CHA,19,213.378333,86,75,10,3,3,10,16,30,59,0.508475,23,29,0.793103,-2.044470,-1.718371,-1.498361,-1.509590,-2.426935,-0.974584,1.677944,0.044818,0.006492,-8.443057,-27.806536,False,False
448,1631113,Kennedy Chandler,UTA,11,355.226667,165,37,74,15,11,2,23,61,137,0.445255,28,43,0.651163,-1.848817,-1.971224,-1.011337,-1.323260,-2.103815,-1.250940,1.545156,-0.133115,-0.347401,-8.444751,-27.816913,False,False
449,1642380,Adama Bal,MEM,8,241.315000,83,25,19,18,9,1,6,28,68,0.411765,9,10,0.900000,-2.051900,-2.051072,-1.429873,-1.276678,-2.184595,-1.285484,1.867640,-0.128438,0.064769,-8.475631,-28.006100,False,False
450,1643018,LJ Cryer,GSW,18,292.146667,148,28,18,37,3,0,14,47,117,0.401709,17,19,0.894737,-1.890920,-2.031110,-1.437483,-0.981657,-2.426935,-1.320028,1.715883,-0.253206,0.117211,-8.508245,-28.205914,False,False
451,1628380,Zach Collins,CHI,10,183.736667,97,56,15,9,2,4,10,37,64,0.578125,14,20,0.700000,-2.017227,-1.844798,-1.460312,-1.416425,-2.467325,-1.181851,1.791762,0.170689,-0.104446,-8.529933,-28.338786,False,False
452,1641747,DaRon Holmes II,DEN,25,209.510000,93,35,16,20,1,6,12,31,61,0.508197,11,14,0.785714,-2.027134,-1.984532,-1.452702,-1.245623,-2.507715,-1.112762,1.753822,0.045873,-0.002917,-8.533690,-28.361803,False,False
453,1642530,Yuki Kawamura,CHI,18,209.020000,62,33,47,11,9,0,14,17,52,0.326923,17,19,0.894737,-2.103909,-1.997840,-1.216800,-1.385370,-2.184595,-1.320028,1.715883,-0.219034,0.117211,-8.594482,-28.734253,False,False
454,1631351,Lucas Williamson,MEM,7,223.740000,73,38,18,15,11,1,10,25,75,0.333333,8,8,1.000000,-2.076666,-1.964570,-1.437483,-1.323260,-2.103815,-1.285484,1.791762,-0.302749,0.098612,-8.603653,-28.790439,False,False
455,1630610,DeJon Jarreau,MEM,11,230.733333,88,51,36,4,10,8,26,33,83,0.397590,18,23,0.782609,-2.039517,-1.878068,-1.300507,-1.494062,-2.144205,-1.043673,1.488247,-0.188987,-0.008971,-8.609743,-28.827747,False,False
456,1629726,Garrison Mathews,IND,15,196.100000,78,17,10,17,6,3,3,21,52,0.403846,19,23,0.826087,-2.064283,-2.104304,-1.498361,-1.292206,-2.305765,-1.216395,1.924549,-0.109493,0.049525,-8.616733,-28.870573,False,False
457,204060,Joe Ingles,MIN,27,152.688333,41,19,34,7,9,2,14,16,27,0.592593,2,2,1.000000,-2.155918,-2.090996,-1.315727,-1.447480,-2.184595,-1.250940,1.715883,0.082707,0.024653,-8.622412,-28.905367,False,False
458,1630322,Lindy Waters III,SAS,40,284.676667,95,29,19,27,6,1,7,33,88,0.375000,2,3,0.666667,-2.022181,-2.024456,-1.429873,-1.136931,-2.305765,-1.285484,1.848671,-0.254813,-0.021517,-8.632348,-28.966240,False,False
459,1630699,MarJon Beauchamp,PHI,14,196.111667,95,32,15,16,9,4,13,33,76,0.434211,13,19,0.684211,-2.022181,-2.004494,-1.460312,-1.307733,-2.184595,-1.181851,1.734853,-0.096832,-0.116773,-8.639917,-29.012612,False,False
460,1641726,Dereck Lively II,DAL,7,115.273333,30,37,13,0,4,11,10,11,18,0.611111,8,10,0.800000,-2.183161,-1.971224,-1.475532,-1.556172,-2.386545,-0.940040,1.791762,0.064266,0.006273,-8.650372,-29.076666,False,False
461,1631166,Drew Timme,LAL,27,235.081667,92,33,23,11,6,0,13,38,66,0.575758,5,9,0.555556,-2.029610,-1.997840,-1.399434,-1.385370,-2.305765,-1.320028,1.734853,0.171744,-0.123045,-8.654496,-29.101932,False,False
462,1641748,Andre Jackson Jr.,MIL,48,408.108333,113,72,43,15,19,4,31,39,119,0.327731,20,32,0.625000,-1.977601,-1.738333,-1.247239,-1.323260,-1.780695,-1.181851,1.393399,-0.498618,-0.307504,-8.661702,-29.146080,False,False
463,1631120,JD Davison,HOU,28,218.416667,69,34,35,8,6,6,7,24,64,0.375000,13,19,0.684211,-2.086573,-1.991186,-1.308117,-1.431952,-2.305765,-1.112762,1.848671,-0.185318,-0.116773,-8.689775,-29.318070,False,False
464,1642959,Chris Youngblood,POR,34,185.091667,71,28,12,18,4,3,2,22,63,0.349206,9,10,0.900000,-2.081619,-2.031110,-1.483141,-1.276678,-2.386545,-1.216395,1.943519,-0.226924,0.064769,-8.694125,-29.344721,False,False
465,1631466,Nate Williams,GSW,14,239.170000,112,30,14,13,5,0,15,43,88,0.488636,13,15,0.866667,-1.980078,-2.017802,-1.467922,-1.354315,-2.346155,-1.320028,1.696914,0.019039,0.067905,-8.702442,-29.395680,False,False
466,1642950,Lachlan Olbrich,CHI,37,344.221667,89,112,42,2,12,8,16,36,77,0.467532,15,40,0.375000,-2.037040,-1.472173,-1.254849,-1.525117,-2.063425,-1.043673,1.677944,-0.027842,-0.969338,-8.715513,-29.475755,False,False
467,203486,Mason Plumlee,SAS,20,171.488333,31,53,20,0,10,0,12,11,14,0.785714,9,14,0.642857,-2.180684,-1.864760,-1.422263,-1.556172,-2.144205,-1.320028,1.753822,0.116926,-0.119909,-8.737272,-29.609067,False,False
468,1630214,Xavier Tillman,CHA,30,183.878333,44,43,13,3,9,5,8,20,46,0.434783,1,4,0.250000,-2.148488,-1.931300,-1.475532,-1.509590,-2.184595,-1.147306,1.829701,-0.057888,-0.126182,-8.751179,-29.694268,False,False
469,1631104,Blake Wesley,POR,31,360.818333,148,39,62,10,16,5,31,56,124,0.451613,26,47,0.553191,-1.890920,-1.957916,-1.102654,-1.400898,-1.901865,-1.147306,1.393399,-0.098895,-0.649070,-8.756123,-29.724559,False,False
470,1630286,Trevon Scott,BKN,6,182.235000,48,31,10,6,8,5,4,19,50,0.380000,4,6,0.666667,-2.138582,-2.011148,-1.498361,-1.463007,-2.224985,-1.147306,1.905580,-0.137934,-0.043033,-8.758776,-29.740810,False,False
471,101108,Chris Paul,LAC,16,227.535000,47,28,53,10,11,0,16,18,56,0.321429,1,2,0.500000,-2.141058,-2.031110,-1.171141,-1.400898,-2.103815,-1.320028,1.677944,-0.244309,-0.033843,-8.768258,-29.798905,False,False
472,1631214,Alondes Williams,WAS,4,100.783333,44,25,12,5,3,3,5,16,26,0.615385,7,8,0.875000,-2.148488,-2.051072,-1.483141,-1.478535,-2.426935,-1.216395,1.886610,0.095872,0.040116,-8.781968,-29.882902,False,False
473,203552,Seth Curry,GSW,10,133.000000,71,12,10,12,3,0,2,24,49,0.489796,11,12,0.916667,-2.081619,-2.137574,-1.498361,-1.369843,-2.426935,-1.320028,1.943519,0.012157,0.089421,-8.789263,-29.927590,False,False
474,1642358,AJ Johnson,DAL,48,453.433333,160,55,47,12,11,3,30,57,176,0.323864,34,40,0.850000,-1.861200,-1.851452,-1.216800,-1.369843,-2.103815,-1.216395,1.412369,-0.756092,0.142082,-8.821145,-30.122918,False,False
475,1643158,Andersson Garcia,UTA,5,168.750000,26,42,14,1,8,4,7,9,29,0.310345,7,9,0.777778,-2.193067,-1.937954,-1.467922,-1.540644,-2.224985,-1.181851,1.848671,-0.135320,-0.006054,-8.839125,-30.233078,False,False
476,1642955,Kadary Richmond,WAS,3,66.800000,25,10,8,2,8,1,2,10,16,0.625000,3,3,1.000000,-2.195544,-2.150882,-1.513580,-1.525117,-2.224985,-1.285484,1.943519,0.063211,0.036979,-8.851883,-30.311237,False,False
477,1630644,Mac McClung,CHI,11,135.175000,67,10,10,7,11,3,9,23,59,0.389831,14,18,0.777778,-2.091526,-2.150882,-1.498361,-1.447480,-2.103815,-1.216395,1.810731,-0.146878,-0.012107,-8.856713,-30.340829,False,False
478,1642873,Amari Williams,BOS,22,145.723333,30,40,10,0,3,10,11,10,20,0.500000,10,14,0.714286,-2.183161,-1.951262,-1.498361,-1.556172,-2.426935,-0.974584,1.772792,0.010551,-0.061413,-8.868544,-30.413316,False,False
479,1642404,Chaz Lanier,DET,34,262.005000,80,23,17,19,7,0,3,28,89,0.314607,5,6,0.833333,-2.059330,-2.064380,-1.445093,-1.261151,-2.265375,-1.320028,1.924549,-0.404904,0.015463,-8.880248,-30.485017,False,False
480,1642354,KJ Simpson,DEN,20,257.610000,91,37,43,12,16,0,25,34,99,0.343434,11,18,0.611111,-2.032087,-1.971224,-1.247239,-1.369843,-1.901865,-1.320028,1.507217,-0.372243,-0.187595,-8.894906,-30.574823,False,False
481,1641725,Trey Alexander,NOP,9,110.643333,47,11,9,6,6,2,3,19,37,0.513514,3,5,0.600000,-2.141058,-2.144228,-1.505971,-1.463007,-2.305765,-1.250940,1.924549,0.033212,-0.055359,-8.908567,-30.658517,False,False
482,1629312,Haywood Highsmith,PHX,7,90.790000,38,13,7,8,4,0,0,12,23,0.521739,6,7,0.857143,-2.163348,-2.130920,-1.521190,-1.431952,-2.386545,-1.320028,1.981458,0.025826,0.027789,-8.918910,-30.721885,False,False
483,203648,Thanasis Antetokounmpo,MIL,34,147.958333,47,30,15,0,13,6,10,15,32,0.468750,17,30,0.566667,-2.141058,-2.017802,-1.460312,-1.556172,-2.023035,-1.112762,1.791762,-0.010504,-0.390653,-8.920535,-30.731842,False,False
484,1631223,David Roddy,DEN,5,73.016667,40,20,4,3,4,1,2,15,30,0.500000,7,7,1.000000,-2.158395,-2.084342,-1.544019,-1.509590,-2.386545,-1.285484,1.943519,0.015826,0.086285,-8.922744,-30.745373,False,False
485,1631247,Luke Travers,CLE,12,103.091667,28,24,9,1,7,4,3,9,36,0.250000,9,9,1.000000,-2.188114,-2.057726,-1.505971,-1.540644,-2.265375,-1.181851,1.924549,-0.227475,0.110938,-8.931668,-30.800048,False,False
486,1641890,Tyler Smith,DAL,12,165.583333,56,33,5,10,6,0,6,21,50,0.420000,4,6,0.666667,-2.118769,-1.997840,-1.536410,-1.400898,-2.305765,-1.320028,1.867640,-0.083163,-0.043033,-8.938265,-30.840463,False,False
487,1631102,TyTy Washington Jr.,LAC,16,88.128333,21,6,17,3,6,3,3,9,19,0.473684,0,0,,-2.205450,-2.177498,-1.445093,-1.509590,-2.305765,-1.216395,1.924549,-0.003669,0.000000,-8.938910,-30.844419,False,False
488,1641755,Kevin McCullar Jr.,NYK,21,154.993333,50,28,20,8,9,0,12,20,47,0.425532,2,5,0.400000,-2.133628,-2.031110,-1.422263,-1.431952,-2.184595,-1.320028,1.753822,-0.071053,-0.113855,-8.954663,-30.940930,False,False
489,1628449,Chris Boucher,BOS,9,94.150000,21,18,3,2,5,7,1,8,25,0.320000,3,4,0.750000,-2.205450,-2.097650,-1.551629,-1.525117,-2.346155,-1.078217,1.962489,-0.110045,-0.009190,-8.960965,-30.979537,False,False
490,1642449,Tolu Smith,DET,15,137.441667,56,49,13,0,2,6,7,18,36,0.500000,20,30,0.666667,-2.118769,-1.891376,-1.475532,-1.556172,-2.467325,-1.112762,1.848671,0.018992,-0.215165,-8.969437,-31.031443,False,False
491,1642918,Alijah Martin,TOR,23,145.615000,51,21,12,4,8,4,8,16,50,0.320000,15,19,0.789474,-2.131152,-2.077688,-1.483141,-1.494062,-2.224985,-1.181851,1.829701,-0.220089,0.000219,-8.983048,-31.114830,False,False
492,201145,Jeff Green,HOU,30,174.816667,67,25,8,12,2,2,4,25,68,0.367647,5,5,1.000000,-2.091526,-2.051072,-1.513580,-1.369843,-2.467325,-1.250940,1.905580,-0.210593,0.061632,-8.987667,-31.143128,False,False
493,1631216,Caleb Houstan,ATL,18,75.466667,42,11,4,11,2,1,4,14,26,0.538462,3,3,1.000000,-2.153441,-2.144228,-1.544019,-1.385370,-2.467325,-1.285484,1.905580,0.041101,0.036979,-8.996207,-31.195453,False,False
494,1641727,Dariq Whitehead,MEM,6,182.816667,98,24,9,19,4,0,10,37,93,0.397849,5,7,0.714286,-2.014751,-2.057726,-1.505971,-1.261151,-2.386545,-1.320028,1.791762,-0.211097,-0.030707,-8.996213,-31.195488,False,False
495,1631116,Patrick Baldwin Jr.,SAC,9,102.471667,33,23,5,6,3,5,5,11,27,0.407407,5,7,0.714286,-2.175731,-2.064380,-1.536410,-1.463007,-2.426935,-1.147306,1.886610,-0.054219,-0.030707,-9.012085,-31.292726,False,False
496,201959,Taj Gibson,MEM,10,96.873333,34,27,6,3,2,1,1,12,26,0.461538,7,8,0.875000,-2.173254,-2.037764,-1.528800,-1.509590,-2.467325,-1.285484,1.962489,-0.013669,0.040116,-9.013281,-31.300056,False,False
497,1642484,RayJ Dennis,ATL,17,206.233333,74,26,33,14,4,4,17,26,83,0.313253,8,9,0.888889,-2.074190,-2.044418,-1.323337,-1.338788,-2.386545,-1.181851,1.658974,-0.380684,0.052442,-9.018395,-31.331385,False,False
498,1642939,Miles Kelly,DAL,14,133.723333,43,24,12,10,4,1,6,16,44,0.363636,1,1,1.000000,-2.150965,-2.057726,-1.483141,-1.400898,-2.386545,-1.285484,1.867640,-0.141099,0.012326,-9.025890,-31.377309,False,False
499,1642357,David Jones Garcia,SAS,11,67.975000,32,13,18,3,6,1,5,13,25,0.520000,3,6,0.500000,-2.178208,-2.130920,-1.437483,-1.509590,-2.305765,-1.285484,1.886610,0.026881,-0.101529,-9.035486,-31.436098,False,False
500,1642400,Tristan Enaruna,CLE,9,85.133333,37,14,7,3,5,0,3,14,28,0.500000,6,8,0.750000,-2.165824,-2.124266,-1.521190,-1.509590,-2.346155,-1.320028,1.924549,0.014771,-0.018380,-9.066113,-31.623734,False,False
501,1642359,Pacôme Dadiet,NYK,29,135.760000,48,27,12,7,3,1,3,16,48,0.333333,9,11,0.818182,-2.138582,-2.037764,-1.483141,-1.447480,-2.426935,-1.285484,1.924549,-0.193759,0.018599,-9.069996,-31.647525,False,False
502,1642876,Adou Thiero,LAL,25,148.903333,47,28,10,1,7,2,9,16,31,0.516129,14,22,0.636364,-2.141058,-2.031110,-1.498361,-1.540644,-2.265375,-1.250940,1.810731,0.030047,-0.196785,-9.083495,-31.730226,False,False
503,1642434,Riley Minix,CLE,9,58.083333,35,6,5,4,2,1,3,14,23,0.608696,3,3,1.000000,-2.170778,-2.177498,-1.536410,-1.494062,-2.467325,-1.285484,1.924549,0.080597,0.036979,-9.089431,-31.766596,False,False
504,201569,Eric Gordon,PHI,6,73.750000,33,2,3,8,4,1,3,12,21,0.571429,1,2,0.500000,-2.175731,-2.204114,-1.551629,-1.431952,-2.386545,-1.285484,1.924549,0.052156,-0.033843,-9.092593,-31.785966,False,False
505,1642905,Yang Hansen,POR,43,299.893333,95,66,22,5,3,10,32,31,100,0.310000,28,34,0.823529,-2.022181,-1.778257,-1.407044,-1.478535,-2.426935,-0.974584,1.374430,-0.467563,0.068124,-9.112545,-31.908207,False,False
506,1642911,Rocco Zikarsky,MIN,5,36.483333,14,14,2,0,0,5,1,5,8,0.625000,4,4,1.000000,-2.222787,-2.124266,-1.559239,-1.556172,-2.548105,-1.147306,1.962489,0.031606,0.049306,-9.114475,-31.920027,False,False
507,1629610,DaQuan Jeffries,SAC,3,59.903333,31,5,1,4,2,0,0,11,19,0.578947,5,5,1.000000,-2.180684,-2.184152,-1.566849,-1.494062,-2.467325,-1.320028,1.981458,0.051101,0.061632,-9.118909,-31.947192,False,False
508,1642886,Koby Brea,PHX,12,83.866667,45,8,10,13,1,0,4,15,36,0.416667,2,2,1.000000,-2.146011,-2.164190,-1.498361,-1.354315,-2.507715,-1.320028,1.905580,-0.063164,0.024653,-9.123552,-31.975641,False,False
509,1628502,Nigel Hayes-Davis,PHX,27,195.213333,34,33,7,2,8,2,8,15,46,0.326087,2,4,0.500000,-2.173254,-1.997840,-1.521190,-1.525117,-2.224985,-1.250940,1.829701,-0.194814,-0.067686,-9.126125,-31.991401,False,False
510,202687,Bismack Biyombo,SAS,25,141.353333,23,26,5,0,4,2,8,9,15,0.600000,5,7,0.714286,-2.200497,-2.044418,-1.536410,-1.556172,-2.386545,-1.250940,1.829701,0.048991,-0.030707,-9.126995,-31.996736,False,False
511,1641816,Hunter Tyson,DEN,21,161.900000,46,36,17,7,2,1,5,14,52,0.269231,11,13,0.846154,-2.143535,-1.977878,-1.445093,-1.447480,-2.467325,-1.285484,1.886610,-0.301190,0.043252,-9.138121,-32.064900,False,False
512,1642938,Curtis Jones,DEN,10,87.716667,29,11,10,6,4,0,2,11,27,0.407407,1,2,0.500000,-2.185637,-2.144228,-1.498361,-1.463007,-2.386545,-1.320028,1.943519,-0.054219,-0.033843,-9.142350,-32.090807,False,False
513,1642384,Isaiah Crawford,HOU,14,92.100000,28,16,5,3,2,3,4,10,24,0.416667,5,6,0.833333,-2.188114,-2.110958,-1.536410,-1.509590,-2.467325,-1.216395,1.905580,-0.042109,0.015463,-9.149858,-32.136805,False,False
514,1642933,Keshon Gilbert,ATL,4,73.783333,17,5,12,0,3,4,8,5,12,0.416667,7,7,1.000000,-2.215357,-2.184152,-1.483141,-1.556172,-2.426935,-1.181851,1.829701,-0.021055,0.086285,-9.152676,-32.154071,False,False
515,1643024,Chris Mañon,LAL,9,46.085000,7,10,3,0,5,2,1,2,6,0.333333,3,4,0.750000,-2.240123,-2.150882,-1.551629,-1.556172,-2.346155,-1.250940,1.962489,-0.024220,-0.009190,-9.166822,-32.240736,False,False
516,1641815,Isaiah Stevens,SAC,3,42.783333,10,3,10,0,5,0,2,3,7,0.428571,4,4,1.000000,-2.232693,-2.197460,-1.498361,-1.556172,-2.346155,-1.320028,1.943519,-0.010000,0.049306,-9.168044,-32.248225,False,False
517,1642402,Enrique Freeman,MIN,4,37.208333,13,10,2,2,2,3,2,4,8,0.500000,3,4,0.750000,-2.225263,-2.150882,-1.559239,-1.525117,-2.467325,-1.216395,1.943519,0.004220,-0.009190,-9.205672,-32.478754,False,False
518,1641723,Kobe Bufkin,LAL,16,119.483333,46,13,10,5,2,3,5,15,50,0.300000,11,12,0.916667,-2.143535,-2.130920,-1.498361,-1.478535,-2.467325,-1.216395,1.886610,-0.247474,0.089421,-9.206513,-32.483909,False,False
519,1641810,Antonio Reeves,CHA,10,67.676667,27,8,3,7,1,0,1,10,20,0.500000,0,0,,-2.190591,-2.164190,-1.551629,-1.447480,-2.507715,-1.320028,1.962489,0.010551,0.000000,-9.208593,-32.496652,False,False
520,1642389,Zyon Pullin,MIN,5,42.583333,23,3,9,1,1,0,3,9,13,0.692308,4,4,1.000000,-2.200497,-2.197460,-1.505971,-1.540644,-2.507715,-1.320028,1.924549,0.075321,0.049306,-9.223139,-32.585770,False,False
521,1631111,Wendell Moore Jr.,DET,6,59.555000,10,6,4,0,2,2,1,4,7,0.571429,2,2,1.000000,-2.232693,-2.177498,-1.544019,-1.556172,-2.467325,-1.250940,1.962489,0.017385,0.024653,-9.224120,-32.591778,False,False
522,1627746,Skal Labissiere,WAS,3,37.550000,13,9,3,1,2,1,1,6,10,0.600000,0,0,,-2.225263,-2.157536,-1.551629,-1.540644,-2.467325,-1.285484,1.962489,0.032661,0.000000,-9.232733,-32.644543,False,False
523,1630846,Olivier Sarr,CLE,4,39.350000,14,11,5,2,2,3,2,5,7,0.714286,2,5,0.400000,-2.222787,-2.144228,-1.536410,-1.525117,-2.467325,-1.216395,1.943519,0.044771,-0.113855,-9.237827,-32.675755,False,False
524,1630625,Dalano Banton,BOS,6,61.650000,12,5,11,0,2,5,8,4,12,0.333333,4,4,1.000000,-2.227740,-2.184152,-1.490751,-1.556172,-2.467325,-1.147306,1.829701,-0.048440,0.049306,-9.242879,-32.706706,False,False
525,1641807,Norchad Omier,LAC,6,23.666667,17,7,2,0,1,0,0,7,10,0.700000,3,3,1.000000,-2.215357,-2.170844,-1.559239,-1.556172,-2.507715,-1.320028,1.981458,0.060046,0.036979,-9.250872,-32.755673,False,False
526,1630548,Johnny Juzang,MIN,21,87.698333,43,17,6,6,2,1,5,16,38,0.421053,5,8,0.625000,-2.150965,-2.104304,-1.528800,-1.463007,-2.467325,-1.285484,1.886610,-0.062109,-0.076876,-9.252259,-32.764175,False,False
527,1628964,Mo Bamba,UTA,4,43.800000,10,22,1,0,0,3,2,5,11,0.454545,0,0,,-2.232693,-2.071034,-1.566849,-1.556172,-2.548105,-1.216395,1.943519,-0.007890,0.000000,-9.255618,-32.784753,False,False
528,1642362,Payton Sandfort,OKC,4,63.333333,35,10,0,7,1,0,1,13,26,0.500000,2,4,0.500000,-2.170778,-2.150882,-1.574458,-1.447480,-2.507715,-1.320028,1.962489,0.013716,-0.067686,-9.262822,-32.828890,False,False
529,1642260,Nikola Topić,OKC,10,160.083333,52,19,44,6,5,0,25,22,51,0.431373,2,5,0.400000,-2.128675,-2.090996,-1.239629,-1.463007,-2.346155,-1.320028,1.507217,-0.068943,-0.113855,-9.264072,-32.836546,False,False
530,1641761,Grant Nelson,BKN,4,35.010000,17,6,5,0,1,5,4,5,9,0.555556,7,10,0.700000,-2.215357,-2.177498,-1.536410,-1.556172,-2.507715,-1.147306,1.905580,0.018441,-0.052223,-9.268661,-32.864658,False,False
531,1641794,Dillon Jones,NYK,7,39.388333,9,7,4,1,3,0,0,2,9,0.222222,4,4,1.000000,-2.235170,-2.170844,-1.544019,-1.540644,-2.426935,-1.320028,1.981458,-0.063715,0.049306,-9.270592,-32.876491,False,False
532,1631338,Mouhamadou Gueye,CHI,2,45.441667,16,6,6,1,2,1,3,6,11,0.545455,3,4,0.750000,-2.217833,-2.177498,-1.528800,-1.540644,-2.467325,-1.285484,1.924549,0.019496,-0.009190,-9.282730,-32.950855,False,False
533,1642910,John Tonje,BOS,6,41.898333,15,6,2,3,2,0,0,4,14,0.285714,4,4,1.000000,-2.220310,-2.177498,-1.559239,-1.509590,-2.467325,-1.320028,1.981458,-0.074770,0.049306,-9.297996,-33.044383,False,False
534,1643133,Lawson Lovering,MEM,2,49.265000,14,15,3,0,3,1,2,6,10,0.600000,2,5,0.400000,-2.222787,-2.117612,-1.551629,-1.556172,-2.426935,-1.285484,1.943519,0.032661,-0.113855,-9.298294,-33.046211,False,False
535,1642884,Vladislav Goldin,MIA,9,23.961667,7,9,3,0,0,3,3,3,4,0.750000,1,1,1.000000,-2.240123,-2.157536,-1.551629,-1.556172,-2.548105,-1.216395,1.924549,0.029495,0.012326,-9.303589,-33.078650,False,False
536,1642490,Josh Oduro,NOP,3,81.766667,25,23,4,0,0,0,2,11,17,0.647059,3,6,0.500000,-2.195544,-2.064380,-1.544019,-1.556172,-2.548105,-1.320028,1.943519,0.077431,-0.101529,-9.308827,-33.110741,False,False
537,1643257,Jayson Kent,POR,5,22.466667,10,5,0,1,1,1,0,4,7,0.571429,1,1,1.000000,-2.232693,-2.184152,-1.574458,-1.540644,-2.507715,-1.285484,1.981458,0.017385,0.012326,-9.313977,-33.142292,False,False
538,202066,Garrett Temple,TOR,22,72.936667,17,9,9,3,4,2,7,4,15,0.266667,6,9,0.666667,-2.215357,-2.157536,-1.505971,-1.509590,-2.386545,-1.250940,1.848671,-0.087935,-0.064550,-9.329751,-33.238935,False,False
539,1641801,Emanuel Miller,SAS,5,33.050000,15,3,4,2,2,0,0,6,13,0.461538,1,2,0.500000,-2.220310,-2.197460,-1.544019,-1.525117,-2.467325,-1.320028,1.981458,-0.006834,-0.033843,-9.333479,-33.261774,False,False
540,1642443,Jahmir Young,MIA,14,58.195000,25,4,9,3,1,0,3,10,25,0.400000,2,2,1.000000,-2.195544,-2.190806,-1.505971,-1.509590,-2.507715,-1.320028,1.924549,-0.055274,0.024653,-9.335725,-33.275537,False,False
541,1641998,Trey Jemison III,NYK,13,81.588333,13,18,5,0,1,2,10,6,10,0.600000,1,1,1.000000,-2.225263,-2.097650,-1.536410,-1.556172,-2.507715,-1.250940,1.791762,0.032661,0.012326,-9.337400,-33.285797,False,False
542,1631115,Orlando Robinson,ORL,4,24.816667,7,4,3,1,1,0,0,3,5,0.600000,0,0,,-2.240123,-2.190806,-1.551629,-1.540644,-2.507715,-1.320028,1.981458,0.016330,0.000000,-9.353157,-33.382335,False,False
543,1643047,CJ Huntley,PHX,4,40.400000,12,5,2,0,1,0,0,6,11,0.545455,0,0,,-2.227740,-2.184152,-1.559239,-1.556172,-2.507715,-1.320028,1.981458,0.019496,0.000000,-9.354092,-33.388062,False,False
544,1643253,Toby Okani,MEM,6,217.090000,60,21,6,9,4,3,3,25,70,0.357143,1,8,0.125000,-2.108862,-2.077688,-1.528800,-1.416425,-2.386545,-1.216395,1.924549,-0.236923,-0.310859,-9.357948,-33.411687,False,False
545,203078,Bradley Beal,LAC,6,120.916667,49,5,10,7,3,0,9,18,48,0.375000,6,8,0.750000,-2.136105,-2.184152,-1.498361,-1.447480,-2.426935,-1.320028,1.810731,-0.138989,-0.018380,-9.359698,-33.422409,False,False
546,1641753,Chris Livingston,CLE,3,17.426667,9,3,1,0,1,0,0,4,7,0.571429,1,1,1.000000,-2.235170,-2.197460,-1.566849,-1.556172,-2.507715,-1.320028,1.981458,0.017385,0.012326,-9.372224,-33.499145,False,False
547,1630209,Omer Yurtseven,GSW,9,103.955000,34,30,8,0,2,1,9,11,26,0.423077,12,18,0.666667,-2.173254,-2.017802,-1.513580,-1.556172,-2.467325,-1.285484,1.810731,-0.041054,-0.129099,-9.373039,-33.504140,False,False
548,1643060,Hayden Gray,UTA,1,24.750000,6,0,1,0,1,1,1,2,3,0.666667,2,2,1.000000,-2.242600,-2.217422,-1.566849,-1.556172,-2.507715,-1.285484,1.962489,0.015275,0.024653,-9.373824,-33.508953,False,False
549,200768,Kyle Lowry,PHI,14,118.040000,17,9,11,4,2,2,4,4,25,0.160000,5,6,0.833333,-2.215357,-2.157536,-1.490751,-1.494062,-2.467325,-1.250940,1.905580,-0.219585,0.015463,-9.374513,-33.513174,False,False
550,1631127,Harrison Ingram,SAS,7,26.116667,11,3,1,1,0,0,1,5,6,0.833333,0,0,,-2.230217,-2.197460,-1.566849,-1.540644,-2.548105,-1.320028,1.962489,0.057936,0.000000,-9.382879,-33.564425,False,False
551,1630621,Hunter Dickinson,NOP,5,42.478333,12,5,2,0,1,2,3,5,14,0.357143,2,2,1.000000,-2.227740,-2.184152,-1.559239,-1.556172,-2.507715,-1.250940,1.924549,-0.047385,0.024653,-9.384140,-33.572150,False,False
552,1642368,N'Faly Dante,ATL,4,15.416667,3,7,0,0,2,0,1,1,4,0.250000,1,1,1.000000,-2.250030,-2.170844,-1.574458,-1.556172,-2.467325,-1.320028,1.962489,-0.025275,0.012326,-9.389317,-33.603870,False,False
553,1628998,Cody Martin,IND,4,55.180000,7,14,2,0,4,2,4,2,10,0.200000,3,6,0.500000,-2.240123,-2.124266,-1.559239,-1.556172,-2.386545,-1.250940,1.905580,-0.076880,-0.101529,-9.390113,-33.608749,False,False
554,1631210,Jacob Toppin,ATL,5,16.866667,8,1,1,0,0,1,0,4,6,0.666667,0,0,,-2.237646,-2.210768,-1.566849,-1.556172,-2.548105,-1.285484,1.981458,0.030550,0.000000,-9.393015,-33.626527,False,False
555,1641803,Tristen Newton,HOU,1,12.000000,12,3,0,2,1,0,0,4,9,0.444444,2,3,0.666667,-2.227740,-2.197460,-1.574458,-1.525117,-2.507715,-1.320028,1.981458,-0.008945,-0.021517,-9.401522,-33.678642,False,False
556,1628420,Monte Morris,IND,6,64.616667,18,7,9,2,1,1,2,7,20,0.350000,2,4,0.500000,-2.212880,-2.170844,-1.505971,-1.525117,-2.507715,-1.285484,1.943519,-0.071605,-0.067686,-9.403782,-33.692492,False,False
557,1631451,Javonte Cooke,POR,19,93.665000,23,19,7,3,6,0,9,9,41,0.219512,2,2,1.000000,-2.200497,-2.090996,-1.521190,-1.509590,-2.305765,-1.320028,1.810731,-0.293300,0.024653,-9.405982,-33.705967,False,False
558,1630658,Colin Castleton,ORL,4,21.383333,5,8,1,0,1,0,2,2,5,0.400000,1,1,1.000000,-2.245076,-2.164190,-1.566849,-1.556172,-2.507715,-1.320028,1.943519,-0.011055,0.012326,-9.415240,-33.762686,False,False
559,1630828,Alex Antetokounmpo,MIL,6,20.638333,19,6,1,2,0,1,1,3,8,0.375000,11,15,0.733333,-2.210404,-2.177498,-1.566849,-1.525117,-2.548105,-1.285484,1.962489,-0.023165,-0.049087,-9.423219,-33.811574,False,False
560,1642403,Isaac Jones,DET,7,35.683333,9,5,1,0,0,1,1,3,7,0.428571,3,4,0.750000,-2.235170,-2.184152,-1.566849,-1.556172,-2.548105,-1.285484,1.962489,-0.010000,-0.009190,-9.432633,-33.869245,False,False
561,1642951,Sean Pedulla,LAC,7,31.000000,13,3,5,3,0,0,1,5,15,0.333333,0,0,,-2.225263,-2.197460,-1.536410,-1.509590,-2.548105,-1.320028,1.962489,-0.060550,0.000000,-9.434917,-33.883241,False,False
562,1630649,Stanley Umude,SAS,2,6.566667,2,0,1,0,1,0,0,1,2,0.500000,0,0,,-2.252506,-2.217422,-1.566849,-1.556172,-2.507715,-1.320028,1.981458,0.001055,0.000000,-9.438179,-33.903225,False,False
563,1641809,Drew Peterson,CHA,6,64.268333,5,9,2,0,3,1,0,2,16,0.125000,1,2,0.500000,-2.245076,-2.157536,-1.559239,-1.556172,-2.426935,-1.285484,1.981458,-0.155870,-0.033843,-9.438697,-33.906399,False,False
564,1641752,Bobi Klintman,DET,12,71.383333,22,19,6,4,3,0,6,9,27,0.333333,0,3,0.000000,-2.202974,-2.090996,-1.528800,-1.494062,-2.426935,-1.320028,1.867640,-0.108989,-0.138508,-9.443652,-33.936758,False,False
565,1630164,James Wiseman,IND,4,58.461667,13,8,3,0,0,1,5,6,10,0.600000,1,2,0.500000,-2.225263,-2.164190,-1.551629,-1.556172,-2.548105,-1.285484,1.886610,0.032661,-0.033843,-9.445416,-33.947561,False,False
566,1642917,Max Shulga,BOS,11,36.275000,7,6,2,1,1,0,3,2,8,0.250000,2,2,1.000000,-2.240123,-2.177498,-1.559239,-1.540644,-2.507715,-1.320028,1.924549,-0.050550,0.024653,-9.446596,-33.954790,False,False
567,1629634,Brandon Clarke,MEM,2,20.438333,8,6,1,0,2,0,0,3,9,0.333333,2,4,0.500000,-2.237646,-2.177498,-1.566849,-1.556172,-2.467325,-1.320028,1.981458,-0.036330,-0.067686,-9.448076,-33.963860,False,False
568,1641813,Mark Sears,MIL,7,26.081667,22,2,2,4,0,0,4,6,13,0.461538,6,8,0.750000,-2.202974,-2.204114,-1.559239,-1.494062,-2.548105,-1.320028,1.905580,-0.006834,-0.018380,-9.448157,-33.964358,False,False
569,1641732,Colby Jones,DET,1,6.816667,2,4,2,0,0,0,0,1,3,0.333333,0,0,,-2.252506,-2.190806,-1.559239,-1.556172,-2.548105,-1.320028,1.981458,-0.012110,0.000000,-9.457508,-34.021647,False,False
570,1631211,Trevor Keels,MIA,8,14.946667,8,2,0,2,1,0,0,3,12,0.250000,0,0,,-2.237646,-2.204114,-1.574458,-1.525117,-2.507715,-1.320028,1.981458,-0.075825,0.000000,-9.463446,-34.058026,False,False
571,1631205,Buddy Boeheim,OKC,4,15.003333,6,0,0,2,0,0,0,2,6,0.333333,0,0,,-2.242600,-2.217422,-1.574458,-1.525117,-2.548105,-1.320028,1.981458,-0.024220,0.000000,-9.470492,-34.101195,False,False
572,1642280,Trentyn Flowers,CHI,2,5.550000,4,1,1,0,0,0,1,2,3,0.666667,0,0,,-2.247553,-2.210768,-1.566849,-1.556172,-2.548105,-1.320028,1.962489,0.015275,0.000000,-9.471711,-34.108663,False,False
573,203967,Dario Saric,SAC,5,41.248333,5,6,2,1,0,0,2,1,6,0.166667,2,2,1.000000,-2.245076,-2.177498,-1.559239,-1.540644,-2.548105,-1.320028,1.943519,-0.051605,0.024653,-9.474024,-34.122835,False,False
574,1631457,Alex Morales,ORL,4,23.583333,8,3,4,0,0,0,4,3,7,0.428571,2,2,1.000000,-2.237646,-2.197460,-1.544019,-1.556172,-2.548105,-1.320028,1.905580,-0.010000,0.024653,-9.483198,-34.179040,False,False
575,1642855,Noa Essengue,CHI,2,6.033333,0,0,0,0,1,0,0,0,3,0.000000,0,0,,-2.257459,-2.217422,-1.574458,-1.556172,-2.507715,-1.320028,1.981458,-0.039495,0.000000,-9.491292,-34.228627,False,False
576,1641787,Tosan Evbuomwan,CHA,5,7.713333,0,2,0,0,0,0,0,0,1,0.000000,0,0,,-2.257459,-2.204114,-1.574458,-1.556172,-2.548105,-1.320028,1.981458,-0.013165,0.000000,-9.492044,-34.233233,False,False
577,1642468,Darius Brown II,CLE,1,2.666667,0,1,0,0,0,0,0,0,1,0.000000,0,0,,-2.257459,-2.210768,-1.574458,-1.556172,-2.548105,-1.320028,1.981458,-0.013165,0.000000,-9.498698,-34.274000,False,False
578,1628365,Markelle Fultz,TOR,5,35.766667,4,1,8,0,2,0,4,2,11,0.181818,0,0,,-2.247553,-2.210768,-1.513580,-1.556172,-2.467325,-1.320028,1.905580,-0.090045,0.000000,-9.499892,-34.281315,False,False
579,1642282,Hunter Sallis,PHI,7,25.673333,7,1,4,0,0,1,5,3,5,0.600000,1,2,0.500000,-2.240123,-2.210768,-1.544019,-1.556172,-2.548105,-1.285484,1.886610,0.016330,-0.033843,-9.515574,-34.377392,False,False
580,1642935,Chucky Hepburn,TOR,2,13.233333,0,1,2,0,1,0,1,0,6,0.000000,0,0,,-2.257459,-2.210768,-1.559239,-1.556172,-2.507715,-1.320028,1.962489,-0.078990,0.000000,-9.527883,-34.452806,False,False
581,1641780,Johni Broome,PHI,11,54.761667,10,16,4,0,3,2,3,4,24,0.166667,2,6,0.333333,-2.232693,-2.110958,-1.544019,-1.556172,-2.426935,-1.250940,1.924549,-0.206420,-0.160025,-9.563612,-34.671704,False,False
582,1643141,Jahmyl Telfort,LAC,8,32.033333,1,3,1,0,1,0,1,0,4,0.000000,1,4,0.250000,-2.254983,-2.197460,-1.566849,-1.556172,-2.507715,-1.320028,1.962489,-0.052660,-0.126182,-9.619560,-35.014471,False,False
